fluorophore,synonym1,synonym2,synonym3,synonym4,channel.Aurora,channel.NL,channel.ID7000,channel.s8,channel.opteon,channel.mosaic,channel.xenith,channel.A5SE,channel.cytostellar,excitation.laser,nominal.wavelength,is.viability,class
2-NDGB,,,,,B1-A,B1-A,488CH5-A,B2 (515)-A,B508-A,B1-A,FL37-A,B510-A,B2,Blue,540,NA,
7-AAD,7AAD,7-Aminoactinomycin D,,,YG-4,B7-A,561CH18-A,YG5 (655)-A,Y661-A,Y5-A,FL35-A,YG660-A,YG5,YG,647,TRUE,
Alexa Fluor 350,AF350,Alx350,Alexa 350,,UV6-A,V2-A,355CH2-A,UV4 (440)-A,UV440-A,U4-A,FL10-A,UV446-A,UV4,UV,441,NA,Small molecule
Alexa Fluor 405,AF405,Alx405,Alexa 405,,V2-A,V2-A,405CH1-A,V1 (420)-A,V424-A,V1-A,FL16-A,V427-A,V1,Violet,422,NA,Small molecule
Alexa Fluor 488,AF488,Alx488,Alexa 488,,B2-A,B2-A,488CH6-A,B2 (515)-A,B525-A,B1-A,FL37-A,B510-A,B2,Blue,520,NA,Small molecule
Alexa Fluor 514,AF514,Alexa 514,Alx514,,B3-A,B3-A,488CH8-A,B4 (545)-A,B543-A,B3-A,FL36-A,B537-A,B4,Blue,542,NA,Small molecule
Alexa Fluor 532,AF532,Alx532,Alexa 532,,B3-A,B3-A,488CH8-A,B4 (545)-A,B543-A,B3-A,FL36-A,B537-A,B4,Blue,553,NA,Small molecule
Alexa Fluor 546,AF546,Alx546,Alexa 546,,YG1-A,B4-A,561CH11-A,YG1 (575)-A,Y582-A,Y1-A,FL31-A,YG585-A,YG1,YellowGreen,572,NA,Small molecule
Alexa Fluor 555,AF555,Alexa 555,Alx555,,YG1-A,B4-A,561CH11-A,YG1 (575)-A,Y582-A,Y1-A,FL31-A,YG585-A,YG1,YellowGreen,570,NA,Small molecule
Alexa Fluor 561,AF561,Alx561,Alexa 561,,YG1-A,B4-A,561CH11-A,YG1 (575)-A,Y582-A,Y1-A,FL31-A,YG585-A,YG1,YellowGreen,581,NA,Small molecule
Alexa Fluor 568,AF568,Alx568,Alexa 568,,YG3-A,V10-A,561CH13-A,YG3 (605)-A,Y618-A,Y3-A,FL34-A,YG602-A,YG3,YellowGreen,603,NA,Small molecule
Alexa Fluor 594,AF594,Alx594,Alexa 594,,YG3-A,V10-A,561CH14-A,YG4 (625)-A,Y618-A,Y4-A,FL33-A,YG602-A,YG4,YellowGreen,618,NA,Small molecule
Alexa Fluor 610,AF610,Alexa 610,Alx610,,YG3-A,B6-A,561CH14-A,YG4 (625)-A,Y618-A,Y4-A,FL33-A,YG602-A,YG4,YellowGreen,628,NA,Small molecule
Alexa Fluor 633,AF633,Alexa 633,Alx633,,R1-A,R1-A,637CH18-A,R1 (655)-A,R661-A,R1-A,FL46-A,R660-A,R1,Red,647,NA,Small molecule
Alexa Fluor 647,AF647,Alx647,Alexa 647,,R2-A,R2-A,637CH19-A,R2 (675)-A,R681-A,R2-A,FL46-A,R675-A,R2,Red,671,NA,Small molecule
Alexa Fluor 660,AF660,Alx660,Alexa 660,,R3-A,R3-A,637CH21-A,R3 (700)-A,R700-A,R3-A,FL47-A,R675-A,R3,Red,691,NA,Small molecule
Alexa Fluor 680,AF680,Alx680,Alexa 680,,R4-A,R4-A,637CH22-A,R3 (700)-A,R700-A,R3-A,FL47-A,R680-A,R3,Red,704,NA,Small molecule
Alexa Fluor 700,AF700,Alx700,Alexa 700,,R4-A,R4-A,637CH23-A,R4 (725)-A,R717-A,R4-A,FL43-A,R710-A,R4,Red,719,NA,Small molecule
Alexa Fluor 750,AF750,Alx750,Alexa 750,,R7-A,R7-A,637CH29-A,R6 (780)-A,R784-A,R6-A,FL44-A,R780-A,R6,Red,775,NA,Small molecule
Alexa Fluor 790,AF790,Alexa 790,Alx790,,R8-A,R8-A,637CH30-A,R7 (810)-A,R815-A,R7-A,FL48-A,R780-A,R7,Red,805,NA,Small molecule
AMCA,,,,,UV6-A,V2-A,355CH2-A,UV4 (440)-A,UV440-A,U4-A,FL10-A,UV446-A,UV4,UV,450,NA,
AmCyan,Amcyan,,,,V5-A,V5-A,405CH4-A,V5 (500)-A,V508-A,V5-A,FL13-A,V510-A,V5,Violet,498,NA,
APC,APC,Allophycocyanin,,,R1-A,R1-A,637CH18-A,R1 (655)-A,R681-A,R1-A,FL46-A,R660-A,R1,Red,660,NA,Protein
APC-Alexa Fluor 700,APC-Alexa Fluor 700,APC Alexa Fluor 700,APC-AF700,,R4-A,R4-A,637CH23-A,R4 (725)-A,R717-A,R4-A,FL43-A,R710-A,R4,Red,720,NA,Protein tandem
APC-Alexa Fluor 750,APC-Alexa750,APC Alexa Fluor 750,APC-AF750,,R7-A,R7-A,637CH29-A,R6 (780)-A,R784-A,R6-A,FL44-A,R780-A,R6,Red,750,NA,Protein tandem
APC-Cy5,,,,,R2-A,R2-A,637CH18-A,R2 (675)-A,R681-A,R2-A,FL46-A,R675-A,R2,Red,670,NA,Protein tandem
APC-Cy5.5,APC Cy5.5,APCCy5.5,,,R3-A,R3-A,637CH21-A,R3 (700)-A,R700-A,R3-A,FL47-A,R710-A,R3,Red,700,NA,Protein tandem
APC-Cy7,APC Cy7,APCCy7,,,R7-A,R7-A,637CH29-A,R6 (780)-A,R784-A,R6-A,FL44-A,R780-A,R6,Red,774,NA,Protein tandem
APC-eFluor 780,APCe780,APC-eFluor780,APC-e780,APCeF780,R7-A,R7-A,637CH29-A,R6 (780)-A,R784-A,R6-A,FL44-A,R780-A,R6,Red,785,NA,Protein tandem
APC-Fire 750,APC Fire 750,APC-Fire750,,,R7-A,R7-A,637CH29-A,R6 (780)-A,R784-A,R6-A,FL44-A,R780-A,R6,Red,774,NA,Protein tandem
APC-Fire 810,APC Fire 810,APC-Fire810,,,R8-A,R8-A,637CH32-A,R7 (810)-A,R815-A,R7-A,FL48-A,R780-A,R7,Red,807,NA,Protein tandem
APC-H7,APC H7,APCH7,,,R7-A,R7-A,637CH30-A,R6 (780)-A,R784-A,R6-A,FL44-A,R780-A,R6,Red,785,NA,Protein tandem
APC-R700,APC R700,APCR700,,,R4-A,R4-A,637CH23-A,R4 (725)-A,R717-A,R4-A,FL43-A,R710-A,R4,Red,705,NA,Protein tandem
APC-Vio750,APC Vio750,APCVio750,,,R7-A,R7-A,637CH27-A,R5 (750)-A,R784-A,R5-A,FL45-A,R780-A,R5,Red,750,NA,Protein tandem
APC-Vio770,APC Vio770,APCVio770,,,R7-A,R7-A,637CH28-A,R6 (780)-A,R784-A,R6-A,FL44-A,R780-A,R6,Red,775,NA,Protein tandem
Atto 390,Atto390,,,,UV6-A,V2-A,355CH2-A,UV4 (440)-A,UV440-A,U4-A,FL10-A,UV446-A,UV4,UV,479,NA,Small molecule
BB515,Brilliant Blue 515,,BB 515,,B1-A,B1-A,488CH5-A,B2 (515)-A,B508-A,B1-A,FL37-A,B510-A,B1,Blue,515,NA,SIRIGEN
BB630,Brilliant Blue 630,BB630-P,BB 630,BB630-P1,B6-A,B6-A,488CH14-A,B8 (625)-A,B618-A,B7-A,FL39-A,B602-A,B8,Blue,630,NA,SIRIGEN tandem
BB660,Brilliant Blue 660,BB660-P,BB 660,BB660-P2,B7-A,B7-A,488CH18-A,B9 (655)-A,B661-A,B8-A,FL42-A,B660-A,B9,Blue,660,NA,SIRIGEN tandem
BB700,Brilliant Blue 700,,BB 700,,B9-A,B9-A,488CH21-A,B11 (700)-A,B700-A,B10-A,FL41-A,B710-A,B11,Blue,700,NA,SIRIGEN tandem
BB755,Brilliant Blue 755,BB755-P,BB 755,,B12-A,B12-A,488CH27-A,B13 (750)-A,B757-A,B12-A,FL40-A,B750-A,B13,Blue,755,NA,SIRIGEN tandem
BB790,Brilliant Blue 790,BB790-P,BB 790,,B14-A,B14-A,488CH30-A,B14 (780)-A,B784-A,B13-A,FL40-A,B810-A,B14,Blue,790,NA,SIRIGEN tandem
BetaGel,BetaGel (abcam),,,,B1-A,B1-A,488CH5-A,B2 (515)-A,B508-A,B1-A,FL37-A,B510-A,B2,Blue,514,NA,
BFP,,,,,V3-A,V3-A,405CH2-A,V2 (440)-A,V440-A,V2-A,FL15-A,V450-A,V2,Violet,456,NA,Fluorescent Protein
BUV395,Brilliant UV395,Brilliant Ultraviolet 395,BUV 395,,UV2-A,V1-A,355CH1-A,UV3 (420)-A,UV380-A,U3-A,FL08-A,UV379-A,UV2,UV,399,NA,SIRIGEN
BUV496,Brilliant UV496,Brilliant Ultraviolet 496,BUV 496,,UV7-A,V5-A,355CH5-A,UV7 (500)-A,UV508-A,U7-A,FL06-A,UV515-A,UV7,UV,496,NA,SIRIGEN
BUV563,Brilliant UV563,Brilliant Ultraviolet 563,BUV 563,,UV9-A,B4-A,355CH11-A,UV11 (575)-A,UV582-A,U9-A,FL04-A,UV585-A,UV11,UV,563,NA,SIRIGEN tandem
BUV615,Brilliant UV615,Brilliant Ultraviolet 615,BUV 615,BUV615-P,UV10-A,V10-A,355CH14-A,UV13 (605)-A,UV618-A,U10-A,FL03-A,UV610-A,YG4,UV,615,NA,SIRIGEN tandem
BUV661,Brilliant UV661,Brilliant Ultraviolet 661,BUV 661,,UV11-A,R2-A,355CH18-A,UV15 (655)-A,UV661-A,U11-A,FL00-A,UV660-A,UV15,UV,661,NA,SIRIGEN tandem
BUV737,Brilliant UV737,Brilliant Ultraviolet 737,BUV 737,,UV14-A,R5-A,355CH25-A,UV18 (725)-A,UV735-A,U14-A,FL01-A,UV736-A,UV18,UV,737,NA,SIRIGEN tandem
BUV805,Brilliant UV805,Brilliant Ultraviolet 805,BUV 805,,UV16-A,R8-A,355CH31-A,UV21 (810)-A,UV815-A,U17-A,FL02-A,UV809-A,UV21,UV,805,NA,SIRIGEN tandem
BV421,Brilliant Violet 421,B421,BV 421,,V1-A,V1-A,405CH1-A,V1 (420)-A,V424-A,V1-A,FL16-A,V427-A,V1,Violet,423,NA,SIRIGEN
BV480,Brilliant Violet 480,B480,BV 480,,V5-A,V5-A,405CH4-A,V4 (475)-A,V469-A,V4-A,FL18-A,V470-A,V4,Violet,478,NA,SIRIGEN
BV510,Brilliant Violet 510,B510,BV 510,,V7-A,V7-A,405CH7-A,V6 (515)-A,V508-A,V5-A,FL13-A,V510-A,V6,Violet,510,NA,SIRIGEN
BV570,Brilliant Violet 570,B570,BV 570,,V8-A,V8-A,405CH11-A,V9 (575)-A,V582-A,V8-A,FL12-A,V576-A,V9,Violet,570,NA,SIRIGEN tandem
BV605,Brilliant Violet 605,B605,BV 605,,V10-A,V10-A,405CH13-A,V11 (605)-A,V600-A,V9-A,FL23-A,V615-A,V11,Violet,605,NA,SIRIGEN tandem
BV650,Brilliant Violet 650,B650,BV 650,,V11-A,V11-A,405CH18-A,V13 (655)-A,V661-A,V11-A,FL22-A,V660-A,V13,Violet,650,NA,SIRIGEN tandem
BV711,Brilliant Violet 711,B711,BV 711,,V13-A,V13-A,405CH23-A,V15 (700)-A,V717-A,V13-A,FL21-A,V710-A,V15,Violet,711,NA,SIRIGEN tandem
BV750,Brilliant Violet 750,B750,BV 750,,V14-A,V14-A,405CH26-A,V17 (750)-A,V757-A,V15-A,FL19-A,V750-A,V17,Violet,750,NA,SIRIGEN tandem
BV785,Brilliant Violet 785,B785,BV 785,,V15-A,V15-A,405CH30-A,V18 (780)-A,V784-A,V17-A,FL20-A,V785-A,V18,Violet,785,NA,SIRIGEN tandem
BV786,Brilliant Violet 786,B786,BV 786,,V15-A,V15-A,405CH30-A,V18 (780)-A,V784-A,V17-A,FL20-A,V785-A,V18,Violet,786,NA,SIRIGEN tandem
BYG584,BYG584-P,,,,YG1-A,B4-A,561CH11-A,YG1 (575)-A,Y582-A,Y1-A,FL31-A,YG585-A,YG1,YellowGreen,583,NA,SIRIGEN
CellROX Green,,,,,B2-A,B2-A,488CH6-A,B2 (515)-A,B525-A,B1-A,FL37-A,B510-A,B2,Blue,520,NA,
CellROX Orange,,,,,YG2-A,B5-A,561CH12-A,YG2 (590)-A,Y600-A,Y2-A,FL32-A,YG602-A,YG2,YellowGreen,565,NA,
CellROX Red,,,,,R1-A,R1-A,637CH18-A,R1 (655)-A,R661-A,R1-A,FL46-A,R660-A,R1,Red,665,NA,
CellTrace Blue,Cell Trace Blue,CTBlue,CellTraceBlue,,UV7-A,V3-A,355CH5-A,UV7 (500)-A,UV508-A,U7-A,FL06-A,UV515-A,UV7,UV,445,NA,
CellTrace Calcein AM,Calcein AM,Cell Trace Calcein,CalceinAM,,B2-A,B2-A,488CH6-A,B2 (515)-A,B525-A,B1-A,FL37-A,B510-A,B2,Blue,517,NA,
CellTrace Calcein Blue,Cell Trace Calcein Blue,Calcein Blue,,,UV6-A,V2-A,355CH2-A,UV4 (440)-A,UV440-A,U4-A,FL10-A,UV446-A,UV4,UV,445,NA,
CellTrace CFSE,CFSE,Cell Trace CFSE,Carboxyfluorescein succinimidyl ester,,B2-A,B2-A,488CH6-A,B2 (515)-A,B525-A,B1-A,FL37-A,B510-A,B2,Blue,521,NA,
CellTrace Far Red,Cell Trace Far Red,CTFR,CellTraceFarRed,,R2-A,R2-A,637CH18-A,R2 (675)-A,R681-A,R2-A,FL46-A,R675-A,R2,Red,667,NA,
CellTrace Oregon Green,Cell Trace Oregon Green,CTOG,,,B2-A,B2-A,488CH6-A,B2 (515)-A,B525-A,B1-A,FL37-A,B510-A,B2,Blue,517,NA,
CellTrace Red,Cell Trace Red,CTRed,CellTraceRed,,YG3-A,B6-A,561CH14-A,YG3 (605)-A,Y618-A,Y3-A,FL34-A,YG602-A,YG3,YellowGreen,601,NA,
CellTrace Violet,Cell Trace Violet,CTV,CTViolet,,V3-A,V3-A,405CH2-A,V3 (460)-A,V455-A,V3-A,FL17-A,V450-A,V3,Violet,451,NA,
CellTrace Yellow,Cell Trace Yellow,CTY,CellTraceYellow,,B3-A,B3-A,488CH8-A,B4 (545)-A,B543-A,B3-A,FL36-A,B537-A,B4,Blue,547,NA,
CellTracker Deep Red,,,,,R1-A,R1-A,637CH18-A,R1 (655)-A,R661-A,R1-A,FL46-A,R660-A,R1,Red,650,NA,
CF350,,,,,UV6-A,V2-A,355CH2-A,UV5 (460)-A,UV455-A,U5-A,FL09-A,UV446-A,UV5,UV,448,NA,Small molecule
CF405L,,,,,V8-A,V8-A,405CH8-A,V8 (545)-A,V543-A,V7-A,FL14-A,V540-A,V8,Violet,547,NA,Small molecule
CF405M,,,,,V3-A,V3-A,405CH2-A,V3 (460)-A,V455-A,V3-A,FL17-A,V450-A,V3,Violet,452,NA,Small molecule
CF405S,,,,,V2-A,V2-A,405CH1-A,V2 (440)-A,V440-A,V2-A,FL15-A,V427-A,V2,Violet,431,NA,Small molecule
CF430,,,,,V5-A,V5-A,405CH4-A,V5 (500)-A,V508-A,V5-A,FL13-A,V510-A,V5,Violet,498,NA,Small molecule
CF440,,,,,V7-A,V7-A,405CH5-A,V6 (515)-A,V525-A,V5-A,FL13-A,V510-A,V6,Violet,515,NA,Small molecule
CF450,,,,,B1-A,B1-A,488CH7-A,B3 (530)-A,B543-A,B2-A,FL37-A,B510-A,B3,Blue,538,NA,Small molecule
CF488A,CF488 A,,,,B1-A,B1-A,488CH5-A,B2 (515)-A,B508-A,B1-A,FL37-A,B510-A,B2,Blue,515,NA,Small molecule
CF503R,,,,,B2-A,B2-A,488CH6-A,B3 (530)-A,B525-A,B2-A,FL37-A,B537-A,B3,Blue,532,NA,Small molecule
CF514,,,,,B3-A,B3-A,488CH8-A,B4 (545)-A,B543-A,B3-A,FL36-A,B537-A,B4,Blue,548,NA,Small molecule
CF532,,,,,B3-A,B3-A,488CH9-A,B4 (545)-A,B582-A,B3-A,FL36-A,B537-A,B4,Blue,558,NA,Small molecule
CF543,,,,,YG1-A,YG1-A,488CH9-A,B5 (575)-A,B582-A,B4-A,FL38-A,YG585-A,B5,Blue,560,NA,Small molecule
CF550R,,,,,YG1-A,YG1-A,561CH11-A,YG1 (575)-A,Y582-A,Y1-A,FL31-A,YG585-A,YG1,YG,577,NA,Small molecule
CF555,,,,,YG1-A,YG1-A,561CH10-A,YG1 (575)-A,Y582-A,Y1-A,FL31-A,YG585-A,YG1,YG,565,NA,Small molecule
CF568,,,,,YG1-A,YG1-A,561CH11-A,YG1 (575)-A,Y582-A,Y1-A,FL31-A,YG585-A,YG1,YG,583,NA,Small molecule
CF570,,,,,YG1-A,YG1-A,561CH12-A,YG2 (590)-A,Y600-A,Y2-A,FL32-A,YG585-A,YG2,YG,591,NA,Small molecule
CF583,,,,,YG2-A,YG2-A,561CH13-A,YG3 (605)-A,Y600-A,Y3-A,FL34-A,YG602-A,YG3,YG,606,NA,Small molecule
CF594,,,,,YG3-A,YG3-A,561CH14-A,YG3 (605)-A,Y618-A,Y3-A,FL34-A,YG602-A,YG3,YG,614,NA,Small molecule
CF620R,,,,,R1-A,R1-A,637CH18-A,R1 (655)-A,R661-A,R1-A,FL46-A,R660-A,R1,Red,639,NA,Small molecule
CF633,,,,,R1-A,R1-A,637CH18-A,R1 (655)-A,R661-A,R1-A,FL46-A,R660-A,R1,Red,650,NA,Small molecule
CF640R,,,,,R2-A,R2-A,637CH18-A,R1 (655)-A,R661-A,R1-A,FL46-A,R660-A,R1,Red,662,NA,Small molecule
CF647,CF647Plus,CF647 Plus,,,R2-A,R2-A,637CH18-A,R2 (675)-A,R661-A,R2-A,FL46-A,R675-A,R2,Red,668,NA,Small molecule
CF660C,,,,,R3-A,R3-A,637CH20-A,R2 (675)-A,R681-A,R2-A,FL46-A,R680-A,R2,Red,685,NA,Small molecule
CF660R,,,,,R3-A,R3-A,637CH20-A,R2 (675)-A,R681-A,R2-A,FL46-A,R680-A,R2,Red,682,NA,Small molecule
CF680,,,,,R4-A,R4-A,637CH21-A,R3 (700)-A,R700-A,R3-A,FL47-A,R710-A,R3,Red,698,NA,Small molecule
CF680R,,,,,R4-A,R4-A,637CH21-A,R3 (700)-A,R700-A,R3-A,FL47-A,R710-A,R3,Red,701,NA,Small molecule
CF700,,,,,R4-A,R4-A,637CH23-A,R4 (725)-A,R717-A,R4-A,FL43-A,R730-A,R4,Red,720,NA,Small molecule
CF710,,,,,R5-A,R5-A,637CH24-A,R4 (725)-A,R735-A,R4-A,FL43-A,R730-A,R4,Red,736,NA,Small molecule
CF725,,,,,R6-A,R6-A,637CH26-A,R5 (750)-A,R757-A,R5-A,FL45-A,R730-A,R5,Red,750,NA,Small molecule
CF740,,,,,R7-A,R7-A,637CH27-A,R5 (750)-A,R757-A,R5-A,FL45-A,R730-A,R5,Red,767,NA,Small molecule
CF750,,,,,R7-A,R7-A,637CH28-A,R6 (780)-A,R784-A,R6-A,FL44-A,R780-A,R6,Red,777,NA,Small molecule
CF770,,,,,R8-A,R8-A,637CH30-A,R7 (810)-A,R784-A,R7-A,FL48-A,R780-A,R7,Red,797,NA,Small molecule
CF790,,,,,R8-A,R8-A,637CH31-A,R7 (810)-A,R815-A,R7-A,FL48-A,R780-A,R7,Red,806,NA,Small molecule
CF800,,,,,V16-A,V16-A,405CH32-A,V19 (810)-A,V815-A,V18-A,FL20-A,V845-A,V19,Violet,816,NA,Small molecule
cFluor B513,cFluorB513,cfluor B 513,,,B2-A,B2-A,488CH6-A,B2 (515)-A,B508-A,B1-A,FL37-A,B510-A,B2,Blue,513,NA,
cFluor B515,cFluorB515,cfluor B 515,,,B1-A,B1-A,488CH5-A,B2 (515)-A,B508-A,B1-A,FL37-A,B510-A,B2,Blue,515,NA,
cFluor B520,cFluorB520,cfluor B 520,,,B2-A,B2-A,488CH6-A,B2 (515)-A,B525-A,B1-A,FL37-A,B510-A,B2,Blue,520,NA,
cFluor B532,cFluorB532,cfluor B 532,,,B2-A,B2-A,488CH6-A,B2 (515)-A,B525-A,B1-A,FL37-A,B510-A,B2,Blue,532,NA,
cFluor B545,cFluorB545,cfluor B 545,,,B3-A,B3-A,488CH8-A,B4 (545)-A,B543-A,B3-A,FL36-A,B537-A,B4,Blue,545,NA,
cFluor B548,cFluorB548,cfluor B 548,,,B3-A,B3-A,488CH8-A,B4 (545)-A,B543-A,B3-A,FL36-A,B537-A,B4,Blue,548,NA,
cFluor B610,cFluorB610,cfluor B 610,,,B6-A,B6-A,488CH14-A,B7 (605)-A,B618-A,B6-A,FL39-A,B602-A,B7,Blue,610,NA,
cFluor B660,cFluorB660,cfluor B 660,,,B7-A,B7-A,488CH18-A,B9 (655)-A,B661-A,B8-A,FL42-A,B660-A,B9,Blue,660,NA,
cFluor B675,cFluorB675,cfluor B 675,,,B8-A,B8-A,488CH19-A,B10 (675)-A,B661-A,B9-A,FL42-A,B675-A,B10,Blue,675,NA,
cFluor B690,cFluorB690,cfluor B 690,,,B9-A,B9-A,488CH21-A,B11 (700)-A,B700-A,B10-A,FL41-A,B710-A,B11,Blue,690,NA,
cFluor B710,cFluorB710,cfluor B 710,,,B10-A,B10-A,488CH23-A,B11 (700)-A,B717-A,B10-A,FL41-A,B710-A,B11,Blue,710,NA,
cFluor B760,cFluorB760,cfluor B 760,,,B13-A,B13-A,488CH27-A,B13 (750)-A,B757-A,B12-A,FL40-A,B750-A,B13,Blue,760,NA,
cFluor BYG575,cFluorBYG575,cfluor BYG 575,,BYG575,YG1-A,B4-A,561CH11-A,YG1 (575)-A,Y582-A,Y1-A,FL31-A,YG585-A,YG1,YellowGreen,575,NA,
cFluor BYG610,cFluorBYG610,cfluor BYG 610,,BYG610,YG3-A,B6-A,561CH14-A,YG3 (605)-A,Y618-A,Y3-A,FL34-A,YG602-A,YG3,YellowGreen,610,NA,
cFluor BYG667,cFluorBYG667,cfluor BYG 667,,BYG667,YG5-A,B8-A,561CH19-A,YG5 (655)-A,Y661-A,Y5-A,FL35-A,YG670-A,YG5,YellowGreen,667,NA,
cFluor BYG710,cFluorBYG710,cfluor BYG 710,,BYG710,YG7-A,B9-A,561CH22-A,YG7 (700)-A,Y700-A,Y6-A,FL26-A,YG695-A,YG7,YellowGreen,710,NA,
cFluor BYG750,cFluorBYG750,cfluor BYG 750,,BYG750,YG9-A,B13-A,561CH29-A,YG10 (780)-A,Y784-A,Y9-A,FL28-A,YG780-A,YG10,YellowGreen,750,NA,
cFluor BYG781,cFluorBYG781,cfluor BYG 781,,BYG781,YG9-A,B13-A,561CH29-A,YG10 (780)-A,Y784-A,Y9-A,FL28-A,YG780-A,YG10,YellowGreen,781,NA,
cFluor R659,cFluorR659,cfluor R 659,,R659,R1-A,R1-A,637CH18-A,R1 (655)-A,R661-A,R1-A,FL46-A,R660-A,R1,Red,659,NA,
cFluor R668,cFluorR668,cfluor R 668,,R668,R2-A,R2-A,637CH18-A,R2 (675)-A,R681-A,R2-A,FL46-A,R675-A,R2,Red,668,NA,
cFluor R685,cFluorR685,cfluor R 685,,R685,R3-A,R3-A,637CH20-A,R3 (700)-A,R700-A,R3-A,FL47-A,R680-A,R3,Red,685,NA,
cFluor R720,cFluorR720,cfluor R 720,c Fluor R720,R720,R4-A,R4-A,637CH23-A,R4 (725)-A,R717-A,R4-A,FL43-A,R710-A,R4,Red,720,NA,
cFluor R775,cFluorR775,cfluor R 775,,R775,R7-A,R7-A,637CH28-A,R6 (780)-A,R784-A,R6-A,FL44-A,R780-A,R6,Red,775,NA,
cFluor R780,cFluorR780,cfluor R 780,,R780,R7-A,R7-A,637CH29-A,R6 (780)-A,R784-A,R6-A,FL44-A,R780-A,R6,Red,780,NA,
cFluor R840,cFluorR840,cfluor R 840,,R840,R8-A,R8-A,637CH32-A,R7 (810)-A,R815-A,R7-A,FL48-A,R780-A,R7,Red,840,NA,
cFluor UV388,cFluorUV388,cfluor UV 388,,UV388,UV1-A,V1-A,355CH1-A,UV1 (375)-A,UV380-A,U1-A,FL07-A,UV379-A,UV1,UV,388,NA,
cFluor UV450,cFluorUV450,cfluor UV 450,,UV450,UV6-A,V2-A,355CH2-A,UV4 (440)-A,UV440-A,U4-A,FL10-A,UV446-A,UV4,UV,450,NA,
cFluor UV610,cFluorUV610,cfluor UV 610,,UV610,UV10-A,V10-A,355CH14-A,UV13 (605)-A,UV618-A,U10-A,FL03-A,UV610-A,UV13,UV,610,NA,
cFluor V420,cFluorV420,cfluor V 420,,V420,V2-A,V2-A,405CH1-A,V2 (440)-A,V440-A,V2-A,FL15-A,V427-A,V2,Violet,420,NA,
cFluor V450,cFluorV450,cfluor V 450,,,V3-A,V3-A,405CH2-A,V2 (440)-A,V440-A,V2-A,FL15-A,V450-A,V2,Violet,450,NA,
cFluor V500,cFluorV500,cfluor V 500,,,V7-A,V7-A,405CH4-A,V5 (500)-A,V508-A,V5-A,FL13-A,V510-A,V5,Violet,500,NA,
cFluor V505,cFluorV505,cfluor V 505,,,V7-A,V7-A,405CH4-A,V6 (515)-A,V508-A,V5-A,FL13-A,V510-A,V6,Violet,505,NA,
cFluor V610,cFluorV610,cfluor V 610,,,V10-A,V10-A,405CH13-A,V11 (605)-A,V600-A,V9-A,FL23-A,V615-A,V11,Violet,610,NA,
cFluor V650,cFluorV650,cfluor V 650,,V650,V11-A,V11-A,405CH18-A,V13 (655)-A,V661-A,V11-A,FL22-A,V660-A,V13,Violet,650,NA,
cFluor V710,cFluorV710,cfluor V 710,,V710,V13-A,V13-A,405CH23-A,V15 (700)-A,V717-A,V13-A,FL21-A,V710-A,V15,Violet,710,NA,
cFluor V785,cFluorV785,cfluor V 785,,V785,V15-A,V15-A,405CH30-A,V18 (780)-A,V784-A,V17-A,FL20-A,V785-A,V18,Violet,785,NA,
cFluor YG580,cFluorYG580,cfluor YG 580,,YG580,YG1-A,B4-A,561CH11-A,YG1 (575)-A,Y582-A,Y1-A,FL31-A,YG585-A,YG1,YellowGreen,580,NA,
cFluor YG584,cFluorYG584,cfluor YG 584,,YG584,YG1-A,B4-A,561CH11-A,YG1 (575)-A,Y582-A,Y1-A,FL31-A,YG585-A,YG1,YellowGreen,584,NA,
cFluor YG600,cFluorYG600,cfluor YG 600,,YG600,YG3-A,B6-A,561CH14-A,YG3 (605)-A,Y618-A,Y3-A,FL34-A,YG602-A,YG3,YellowGreen,600,NA,
cFluor YG610,cFluorYG610,cfluor YG 610,,YG610,YG3-A,B6-A,561CH13-A,YG3 (605)-A,Y618-A,Y3-A,FL34-A,YG602-A,YG3,YellowGreen,610,NA,
cFluor YG667,cFluorYG667,cfluor YG 667,,YG667,YG5-A,B8-A,561CH19-A,YG5 (655)-A,Y661-A,Y5-A,FL35-A,YG670-A,YG5,YellowGreen,667,NA,
cFluor YG720,cFluorYG720,cfluor YG 720,,YG720,YG7-A,V13-A,561CH23-A,YG8 (725)-A,Y717-A,Y7-A,FL25-A,YG730-A,YG8,YellowGreen,720,NA,
cFluor YG780,cFluorYG780,cfluor YG 780,,YG780,YG9-A,B13-A,561CH29-A,YG10 (780)-A,Y784-A,Y9-A,FL28-A,YG780-A,YG10,YellowGreen,780,NA,
CL405,CoraLite405,CoraLite 405,CoraLite Plus 405,,V2-A,V2-A,405CH1-A,V2 (440)-A,V440-A,V2-A,FL15-A,V427-A,V2,Violet,431,NA,Small molecule
CL488,CoraLite488,CoraLite 488,CoraLite Plus 488,,B1-A,B1-A,488CH5-A,B2 (515)-A,B508-A,B1-A,FL37-A,B510-A,B2,Blue,515,NA,Small molecule
CL555,CoraLite555,CoraLite 555,CoraLite Plus 555,,YG2-A,B5-A,561CH12-A,YG2 (590)-A,Y600-A,Y2-A,FL32-A,YG602-A,YG2,YellowGreen,565,NA,Small molecule
CL594,CoraLite594,CoraLite 594,CoraLite Plus 594,,YG3-A,B6-A,561CH14-A,YG3 (605)-A,Y618-A,Y3-A,FL34-A,YG602-A,YG3,YellowGreen,615,NA,Small molecule
CL647,CoraLite647,CoraLite 647,CoraLite Plus 647,,R1-A,R1-A,637CH18-A,R1 (655)-A,R661-A,R1-A,FL46-A,R660-A,R1,Red,665,NA,Small molecule
CL750,CoraLite750,CoraLite 750,CoraLite Plus 750,,R7-A,R7-A,637CH29-A,R6 (780)-A,R784-A,R6-A,FL44-A,R780-A,R6,Red,775,NA,Small molecule
Cy3,Cyanine3,Cy-3,,,YG2-A,B5-A,561CH12-A,YG2 (590)-A,Y600-A,Y2-A,FL32-A,YG585-A,YG2,YellowGreen,565,NA,Small molecule
Cy5,Cyanine5,Cy-5,,,R1-A,R1-A,637CH18-A,R1 (655)-A,R661-A,R1-A,FL46-A,R660-A,R1,Red,667,NA,Small molecule
Cy5.5,Cyanine5.5,Cy-5.5,,,R3-A,R3-A,637CH21-A,R3 (700)-A,R700-A,R3-A,FL47-A,R710-A,R3,Red,694,NA,Small molecule
Cy7,Cyanine7,Cy-7,,,R8-A,R8-A,637CH29-A,R6 (780)-A,R784-A,R6-A,FL44-A,R780-A,R6,Red,773,NA,Small molecule
DAPI,4-6-diamidino-2-phenylindole,DAPI stain,DAPI viability,,V3-A,V3-A,405CH2-A,V2 (440)-A,V440-A,V2-A,FL17-A,V450-A,V2,Violet,461,TRUE,
DCFDA,,,,,B2-A,B2-A,488CH6-A,B2 (515)-A,B525-A,B1-A,FL37-A,B510-A,B2,Blue,517,NA,
DDAOG,,,,,R1-A,R1-A,637CH18-A,R1 (655)-A,R661-A,R1-A,FL46-A,R660-A,R1,Red,660,NA,
DiD,,,,,R1-A,R1-A,637CH18-A,R1 (655)-A,R661-A,R1-A,FL46-A,R660-A,R1,Red,665,NA,
Dil,,,,,YG2-A,B5-A,561CH12-A,YG2 (590)-A,Y600-A,Y2-A,FL32-A,YG602-A,YG2,YellowGreen,565,NA,
DiO,,,,,B2-A,B2-A,488CH6-A,B2 (515)-A,B525-A,B1-A,FL37-A,B510-A,B2,Blue,501,NA,
DL350,Dylight350,Dylight 350,,,UV6-A,V2-A,355CH2-A,UV4 (440)-A,UV440-A,U4-A,FL10-A,UV446-A,UV4,UV,432,NA,
DRAQ5,DR AQ5,Draq5,,,R2-A,R2-A,637CH18-A,R2 (675)-A,R681-A,R2-A,FL46-A,R675-A,R2,Red,681,TRUE,
DRAQ7,DR AQ7,Draq7,,,R2-A,R2-A,637CH18-A,R2 (675)-A,R681-A,R2-A,FL46-A,R675-A,R2,Red,695,TRUE,
DsRed,DsRed Dimer2,,,,YG1-A,B4-A,561CH11-A,YG1 (575)-A,Y582-A,Y1-A,FL31-A,YG585-A,YG1,YellowGreen,584,NA,
dTomato,,,,,YG1-A,B4-A,561CH11-A,YG1 (575)-A,Y582-A,Y1-A,FL31-A,YG585-A,YG1,YellowGreen,581,NA,
DyLight 405,DL405,Dylight405,,,V2-A,V2-A,405CH1-A,V2 (440)-A,V440-A,V2-A,FL15-A,V427-A,V2,Violet,421,NA,Small molecule
DyLight 680,DL680,Dylight680,,,R4-A,R4-A,637CH22-A,R3 (700)-A,R717-A,R3-A,FL47-A,R680-A,R3,Red,680,NA,Small molecule
DyLight 800,DL800,Dylight800,,,R8-A,R8-A,637CH31-A,R7 (810)-A,R815-A,R7-A,FL48-A,R780-A,R7,Red,800,NA,Small molecule
EBFP,EBFP2,Enhanced Blue Fluorescent Protein,,,V3-A,V3-A,405CH2-A,V3 (460)-A,V455-A,V3-A,FL17-A,V450-A,V3,Violet,448,NA,Fluorescent Protein
ECD,PE-Texas Red-ECD,,,,YG3-A,B6-A,561CH14-A,YG3 (605)-A,Y618-A,Y3-A,FL34-A,YG602-A,YG3,YellowGreen,615,NA,
ECFP,CFP,Cyan Fluorescent Protein,,,B1-A,B1-A,488CH5-A,B2 (515)-A,B508-A,B1-A,FL37-A,B510-A,B2,Blue,475,NA,Fluorescent Protein
EdU Alexa 488,EdU-AF488,EdU AF488,EdU-Alexa488,,B2-A,B2-A,488CH6-A,B2 (515)-A,B525-A,B1-A,FL37-A,B510-A,B2,Blue,520,NA,Small molecule
EdU Alexa 647,EdU-AF647,EdU AF647,EdU-Alexa647,,R2-A,R2-A,637CH19-A,R2 (675)-A,R681-A,R2-A,FL46-A,R675-A,R2,Red,671,NA,Small molecule
eFluor 450,e450,eFluor450,eF450,eFlour 450,V3-A,V3-A,405CH2-A,V2 (440)-A,V440-A,V2-A,FL15-A,V450-A,V2,Violet,445,NA,Small molecule
eFluor 506,e506,eFluor506,eF506,eFlour 506,V7-A,V7-A,405CH4-A,V6 (515)-A,V508-A,V5-A,FL13-A,V510-A,V6,Violet,508,NA,Small molecule
eFluor 660,e660,eFluor660,eF660,eFlour 660,R2-A,R2-A,637CH18-A,R2 (675)-A,R681-A,R2-A,FL46-A,R675-A,R2,Red,668,NA,Small molecule
eFluor 780,e780,eFluor780,fixable viability dye eFluor 780,eFlour 780,R7-A,R7-A,637CH29-A,R6 (780)-A,R784-A,R6-A,FL44-A,R780-A,R6,Red,780,TRUE,Small molecule
eVolve 605,eVolve605,,,,V10-A,V10-A,405CH13-A,V11 (605)-A,V600-A,V9-A,FL23-A,V615-A,V11,Violet,605,NA,
eVolve 655,eVolve655,,,,V11-A,V11-A,405CH18-A,V13 (655)-A,V661-A,V11-A,FL22-A,V660-A,V13,Violet,655,NA,
EYFP,YFP,Enhanced Yellow Fluorescent Protein,,,B3-A,B3-A,488CH7-A,B3 (530)-A,B543-A,B2-A,FL37-A,B537-A,B3,Blue,527,NA,Fluorescent Protein
FITC,Fluorescein,,,,B2-A,B2-A,488CH6-A,B2 (515)-A,B525-A,B1-A,FL37-A,B510-A,B2,Blue,517,NA,Small molecule
Fixable Viability Dye eFluor 780,FVD780,FVD-780,FVDe780,Fix. Via. Dye eF780,R7-A,R7-A,637CH29-A,R6 (780)-A,R784-A,R6-A,FL44-A,R780-A,R6,Red,780,TRUE,Small molecule
Fixable Viability Dye eFluor 450,FVD450,FVD-450,FVDeF450,Fix. Via. Dye eF450,V3-A,V3-A,405CH2-A,V2 (440)-A,V440-A,V2-A,FL15-A,V450-A,V2,Violet,452,TRUE,Small molecule
Fixable Viability Dye eFluor 506,FVD506,FVD-506,FVDeF506,Fix. Via. Dye eF605,V7-A,V7-A,405CH4-A,V6 (515)-A,V508-A,V5-A,FL13-A,V510-A,V6,Violet,508,TRUE,Small molecule
Fixable Viability Dye eFluor 520,FVD520,FVD-520,FVDeF520,Fix. Via. Dye eF520,B2-A,B2-A,488CH6-A,B2 (515)-A,B525-A,B1-A,FL37-A,B510-A,B2,Blue,520,TRUE,Small molecule
FSV440UV,FSV 440UV,Fixable Viability Stain 440UV,,,UV6-A,V2-A,355CH2-A,UV4 (440)-A,UV440-A,U4-A,FL10-A,UV446-A,UV4,UV,440,TRUE,Small molecule
FSV510,FSV 510,Fixable Viability Stain 510,,,V7-A,V7-A,405CH4-A,V6 (515)-A,V508-A,V5-A,FL13-A,V510-A,V6,Violet,510,TRUE,Small molecule
FSV520,FSV 520,Fixable Viability Stain 520,,,B2-A,B2-A,488CH6-A,B2 (515)-A,B525-A,B1-A,FL37-A,B510-A,B2,Blue,520,TRUE,Small molecule
FSV570,FSV 570,Fixable Viability Stain 570,,,YG1-A,B4-A,561CH11-A,YG1 (575)-A,Y582-A,Y1-A,FL31-A,YG585-A,YG1,YellowGreen,570,TRUE,Small molecule
FSV700,FSV 700,Fixable Viability Stain 700,,,R4-A,R4-A,637CH23-A,R4 (725)-A,R717-A,R4-A,FL43-A,R710-A,R4,Red,700,TRUE,Small molecule
FVS450,FVS 450,Fixable Viability Stain 450,,,V3-A,V3-A,405CH2-A,V2 (440)-A,V440-A,V2-A,FL15-A,V450-A,V2,Violet,448,TRUE,Small molecule
FVS510,FVS 510,,,,V7-A,V7-A,405CH4-A,V6 (515)-A,V508-A,V5-A,FL13-A,V510-A,V6,Violet,512,TRUE,Small molecule
FVS520,FVS 520,,,,B2-A,B2-A,488CH6-A,B2 (515)-A,B525-A,B1-A,FL37-A,B510-A,B2,Blue,521,TRUE,Small molecule
FVS575V,FVS 575V,Fixable Viability Stain 575V,,,V8-A,V8-A,405CH7-A,V8 (545)-A,V582-A,V7-A,FL14-A,V576-A,V8,Violet,575,TRUE,Small molecule
FVS620,FVS 620,Fixable Viability Stain 620,,,V10-A,V10-A,405CH14-A,V12 (625)-A,V618-A,V10-A,FL23-A,V615-A,V12,Violet,623,TRUE,Small molecule
FVS660,FVS 660,Fixable Viability Stain 660,,,V11-A,V11-A,405CH18-A,V13 (655)-A,V661-A,V11-A,FL22-A,V660-A,V13,Violet,659,TRUE,Small molecule
FVS780,FVS 780,Fixable Viability Stain 780,,,R7-A,R7-A,637CH29-A,R6 (780)-A,R784-A,R6-A,FL44-A,R780-A,R6,Red,780,TRUE,Small molecule
GFP,Green Fluorescent Protein,EGFP,,,B1-A,B1-A,488CH5-A,B1 (500)-A,B508-A,B1-A,FL37-A,B510-A,B1,Blue,510,NA,Fluorescent Protein
Ghost Blue 516,GB516,Ghost Dye Blue 516,Ghost 516,Ghost B516,B2-A,B2-A,488CH6-A,B2 (515)-A,B525-A,B1-A,FL37-A,B510-A,B2,Blue,516,TRUE,
Ghost Red 710,GR710,Ghost Dye Red 710,Ghost 710,Ghost R710,R4-A,R4-A,637CH23-A,R4 (725)-A,R717-A,R4-A,FL43-A,R710-A,R4,Red,710,TRUE,
Ghost Red 780,GR780,Ghost Dye Red 780,Ghost 780,Ghost R780,R7-A,R7-A,637CH28-A,R6 (780)-A,R784-A,R6-A,FL44-A,R780-A,R6,Red,780,TRUE,
Ghost UV 450,GUV450,Ghost Dye UV 450,,Ghost UV450,UV6-A,V3-A,355CH2-A,UV4 (440)-A,UV440-A,U4-A,FL10-A,UV446-A,UV4,UV,450,TRUE,
Ghost Violet 450,GV450,Ghost Dye Violet 450,,Ghost V450,V3-A,V3-A,405CH2-A,V2 (440)-A,V440-A,V2-A,FL15-A,V450-A,V2,Violet,450,TRUE,
Ghost Violet 510,GV510,Ghost Dye Violet 510,Ghost 510,Ghost V510,V7-A,V7-A,405CH7-A,V6 (515)-A,V508-A,V5-A,FL13-A,V510-A,V6,Violet,510,TRUE,
Ghost Violet 540,GV540,Ghost Dye Violet 540,Ghost 540,Ghost V540,V7-A,V7-A,405CH7-A,V8 (545)-A,V543-A,V7-A,FL14-A,V540-A,V8,Violet,540,TRUE,
H2DCFDA,,,,,B2-A,B2-A,488CH6-A,B2 (515)-A,B525-A,B1-A,FL37-A,B510-A,B2,Blue,519,NA,
Hoechst,Hoechst 33342,Hoechst-33342,,,UV7-A,V3-A,355CH5-A,UV7 (500)-A,UV508-A,U7-A,FL06-A,UV446-A,UV7,UV,497,TRUE,
iRFP670,iRFP,iRFP-670,,,R2-A,R2-A,637CH18-A,R1 (655)-A,R661-A,R1-A,FL46-A,R660-A,R1,Red,670,NA,
iRFP720,iRFP 720,iRFP-720,,,R4-A,R4-A,637CH23-A,R4 (725)-A,R717-A,R4-A,FL43-A,R710-A,R4,Red,720,NA,
Katusha,Katushka,,,,YG4-A,B7-A,561CH18-A,YG5 (655)-A,Y661-A,Y5-A,FL35-A,YG660-A,YG5,YellowGreen,635,NA,Fluorescent Protein
Keima,mKeima,mKeima-Red,Keima-Red,,YG3-A,V10-A,561CH13-A,YG3 (605)-A,Y618-A,Y3-A,FL34-A,YG602-A,YG3,YellowGreen,620,NA,Fluorescent Protein
KIRAVIA Blue 520,KB520,,,,B2-A,B2-A,488CH6-A,B2 (515)-A,B525-A,B1-A,FL37-A,B510-A,B2,Blue,520,NA,Polymer
Kusabira Orange,KO,,,,YG2-A,B5-A,561CH12-A,YG2 (590)-A,Y600-A,Y2-A,FL32-A,YG602-A,YG2,YellowGreen,559,NA,
LIVE DEAD Far Red,LIVEDEAD FarRed,LIVE/DEAD Far Red,LD Far Red,L/D Far Red,R1-A,R1-A,637CH18-A,R1 (655)-A,R661-A,R1-A,FL46-A,R660-A,R1,Red,665,TRUE,Small molecule
LIVE DEAD Green,LIVEDEAD Green,LIVE/DEAD Green,LD Green,L/D Green,B2-A,B2-A,488CH6-A,B2 (515)-A,B525-A,B1-A,FL37-A,B510-A,B2,Blue,520,TRUE,Small molecule
LIVE DEAD Red,LIVEDEAD Red,LIVE/DEAD Red,LD Red,L/D Red,YG3-A,B6-A,561CH14-A,YG3 (605)-A,Y618-A,Y3-A,FL34-A,YG602-A,YG3,YellowGreen,615,TRUE,Small molecule
LIVE DEAD Violet,LIVEDEAD Violet,LIVE/DEAD Violet,LD Violet,L/D Violet,V3-A,V3-A,405CH2-A,V2 (440)-A,V440-A,V2-A,FL15-A,V450-A,V2,Violet,451,TRUE,Small molecule
LIVE DEAD Yellow,LIVEDEAD Yellow,LIVE/DEAD Yellow,LD Yellow,L/D Yellow,V8-A,V8-A,405CH7-A,V8 (545)-A,V543-A,V7-A,FL14-A,V540-A,V8,Violet,575,TRUE,Small molecule
LIVE DEAD Aqua,LIVEDEAD Aqua,LIVE/DEAD Aqua,LD Aqua,L/D Aqua,V5-A,V5-A,405CH4-A,V4 (475)-A,V469-A,V4-A,FL18-A,V470-A,V4,Violet,517,TRUE,Small molecule
LIVE DEAD Blue,LIVEDEAD Blue,LIVE/DEAD Blue,LD Blue,L/D Blue,UV6-A,V2-A,355CH2-A,UV4 (440)-A,UV455-A,U4-A,FL10-A,UV446-A,UV4,UV,450,TRUE,Small molecule
LIVE DEAD Fixable Near-IR,LIVEDEAD NIR,LIVE/DEAD NIR,LD NIR,L/D NIR,R7-A,R7-A,637CH28-A,R6 (780)-A,R784-A,R7-A,FL45-A,R780-A,R6,Red,775,TRUE,Small molecule
MarinaBlue,Marina Blue,,,,UV6-A,V2-A,355CH2-A,UV4 (440)-A,UV440-A,U4-A,FL10-A,UV446-A,UV4,UV,462,NA,
mBanana,,,,,YG2-A,B5-A,561CH12-A,YG2 (590)-A,Y600-A,Y2-A,FL32-A,YG602-A,YG2,YellowGreen,553,NA,Fluorescent Protein
mCherry,Cherry,,,,YG3-A,B6-A,561CH13-A,YG3 (605)-A,Y618-A,Y3-A,FL34-A,YG602-A,YG3,YellowGreen,610,NA,Fluorescent Protein
mCitrine,mCitrine FP,Citrine,,,B3-A,B3-A,488CH8-A,B4 (545)-A,B543-A,B3-A,FL36-A,B537-A,B4,Blue,529,NA,Fluorescent Protein
mFluor Vio610,mFluorVio610,mFluor Vio 610,,,V10-A,V10-A,405CH13-A,V11 (605)-A,V600-A,V9-A,FL23-A,V615-A,V11,Violet,610,NA,Small molecule
mHoneyDew,,,,,B3-A,B3-A,488CH8-A,B4 (545)-A,B543-A,B3-A,FL36-A,B537-A,B4,Blue,561,NA,Fluorescent Protein
miRFP670,miRFP-670,,,,R2-A,R2-A,637CH18-A,R1 (655)-A,R661-A,R1-A,FL46-A,R660-A,R1,Red,670,NA,
miRFP703,miRFP-703,,,,R4-A,R4-A,637CH23-A,R3 (700)-A,R700-A,R3-A,FL47-A,R710-A,R3,Red,703,NA,
MitoSOX Red,,,,,B4-A,B4-A,488CH11-A,B5 (575)-A,B582-A,B4-A,FL38-A,B576-A,B5,Blue,580,NA,
MitoTracker Deep Red,,,,,R1-A,R1-A,637CH18-A,R1 (655)-A,R661-A,R1-A,FL46-A,R660-A,R1,Red,665,NA,
MitoTracker Green,,,,,B2-A,B2-A,488CH6-A,B2 (515)-A,B525-A,B1-A,FL37-A,B510-A,B2,Blue,516,NA,
mKate2,mKate,mKate-2,,,R1-A,R1-A,637CH18-A,R1 (655)-A,R661-A,R1-A,FL46-A,R660-A,R1,Red,633,NA,Fluorescent Protein
mNeonGreen,mNeon,mNeon Green,,,B2-A,B2-A,488CH6-A,B2 (515)-A,B525-A,B1-A,FL37-A,B510-A,B2,Blue,517,NA,Fluorescent Protein
mOrange,mOrange2,mOrange-2,,,YG2-A,B5-A,561CH12-A,YG2 (590)-A,Y600-A,Y2-A,FL32-A,YG602-A,YG2,YellowGreen,562,NA,Fluorescent Protein
mPlum,mRaspberry,,,,R3-A,R3-A,637CH20-A,R3 (700)-A,R700-A,R3-A,FL47-A,R680-A,R3,Red,649,NA,Fluorescent Protein
mRuby,mRuby2,mRuby3,,,YG3-A,B6-A,561CH14-A,YG3 (605)-A,Y618-A,Y3-A,FL34-A,YG602-A,YG3,YellowGreen,600,NA,Fluorescent Protein
mScarlet,mScarlet-I,mScarlet1,,,YG4-A,B7-A,561CH18-A,YG5 (655)-A,Y661-A,Y5-A,FL35-A,YG660-A,YG5,YellowGreen,569,NA,Fluorescent Protein
mTagBFP2,mTagBFP,mBFP2,,,V3-A,V3-A,405CH2-A,V3 (460)-A,V455-A,V3-A,FL17-A,V450-A,V3,Violet,457,NA,Fluorescent Protein
MultiDot 420,MD420,,,,V2-A,V2-A,405CH1-A,V2 (440)-A,V440-A,V2-A,FL15-A,V427-A,V2,Violet,420,NA,MultiDot
MultiDot 440,MD440,,,,V2-A,V2-A,405CH1-A,V2 (440)-A,V440-A,V2-A,FL15-A,V427-A,V2,Violet,440,NA,MultiDot
MultiDot 520,MD520,,,,V7-A,V7-A,405CH4-A,V6 (515)-A,V508-A,V5-A,FL13-A,V510-A,V6,Violet,520,NA,MultiDot
MultiDot 580,MD580,,,,V9-A,V9-A,355CH11-A,V10 (590)-A,V582-A,V8-A,FL23-A,V576-A,V10,Violet,580,NA,MultiDot
MultiDot 640,MD640,,,,V11-A,V11-A,405CH18-A,V13 (655)-A,V661-A,V11-A,FL22-A,V660-A,V13,Violet,640,NA,MultiDot
NovaFluor Blue 510,NB510,NFB510,Nova Blue 510,,B1-A,B1-A,488CH5-A,B1 (500)-A,B508-A,B1-A,FL37-A,B510-A,B1,Blue,510,NA,Nova Fluor
NovaFluor Blue 530,NB530,NFB530,Nova Blue 530,,B2-A,B2-A,488CH7-A,B3 (530)-A,B525-A,B2-A,FL37-A,B537-A,B3,Blue,530,NA,Nova Fluor
NovaFluor Blue 555,NB555,NFB555,Nova Blue 555,,B3-A,B3-A,488CH9-A,B4 (545)-A,B543-A,B3-A,FL36-A,B537-A,B4,Blue,555,NA,Nova Fluor
NovaFluor Blue 585,NB585,NFB585,Nova Blue 585,,B4-A,B4-A,488CH11-A,B6 (590)-A,B582-A,B5-A,FL38-A,B576-A,B6,Blue,585,NA,Nova Fluor
NovaFluor Blue 610-30S,NB610,NFB610,Nova Blue 610,NovaFluor Blue 610,B6-A,B6-A,488CH14-A,B7 (605)-A,B618-A,B6-A,FL39-A,B602-A,B7,Blue,610,NA,Nova Fluor
NovaFluor Blue 610-70S,NB610-70S,NFB610-70S,Nova Blue 610-70S,,B6-A,B6-A,488CH14-A,B7 (605)-A,B618-A,B6-A,FL39-A,B602-A,B7,Blue,610,NA,Nova Fluor
NovaFluor Blue 660-120S,NB660,NFB660,Nova Blue 660,NovaFluor Blue 660,B7-A,B7-A,488CH18-A,B9 (655)-A,B661-A,B8-A,FL42-A,B660-A,B9,Blue,660,NA,Nova Fluor
NovaFluor Blue 660-40S,NB660-40S,NFB660-40S,Nova Blue 660-40S,,B7-A,B7-A,488CH18-A,B9 (655)-A,B661-A,B8-A,FL42-A,B660-A,B9,Blue,660,NA,Nova Fluor
NovaFluor Blue 690,NB690,NFB690,Nova Blue 690,,B9-A,B9-A,488CH20-A,B11 (700)-A,B681-A,B10-A,FL41-A,B675-A,B11,Blue,690,NA,Nova Fluor
NovaFluor Blue 725,NB725,NFB725,Nova Blue 725,,B10-A,B10-A,488CH24-A,B12 (725)-A,B717-A,B11-A,FL41-A,B710-A,B12,Blue,725,NA,Nova Fluor
NovaFluor Blue 760,NB760,NFB760,Nova Blue 760,,B13-A,B13-A,488CH27-A,B13 (750)-A,B757-A,B12-A,FL40-A,B750-A,B13,Blue,760,NA,Nova Fluor
NovaFluor Blue 800,NB800,NFB800,Nova Blue 800,,B14-A,B14-A,488CH30-A,B15 (810)-A,B815-A,B14-A,FL40-A,B810-A,B15,Blue,800,NA,Nova Fluor
NovaFluor Red 660,NR660,NFR660,Nova Red 660,,R2-A,R2-A,637CH18-A,R2 (675)-A,R681-A,R2-A,FL46-A,R660-A,R2,Red,660,NA,Nova Fluor
NovaFluor Red 685,NR685,NFR685,Nova Red 685,,R3-A,R3-A,637CH20-A,R3 (700)-A,R700-A,R3-A,FL47-A,R680-A,R3,Red,685,NA,Nova Fluor
NovaFluor Red 700,NR700,NFR700,Nova Red 700,,R4-A,R4-A,637CH21-A,R3 (700)-A,R717-A,R3-A,FL47-A,R710-A,R3,Red,700,NA,Nova Fluor
NovaFluor Red 710,NR710,NFR710,Nova Red 710,,R4-A,R4-A,637CH23-A,R3 (700)-A,R717-A,R3-A,FL47-A,R710-A,R3,Red,710,NA,Nova Fluor
NovaFluor Red 725,NR725,NFR725,Nova Red 725,,R5-A,R5-A,637CH24-A,R4 (725)-A,R735-A,R4-A,FL43-A,R730-A,R4,Red,725,NA,Nova Fluor
NovaFluor Red 755,NR755,NFR755,Nova Red 755,,R7-A,R7-A,637CH27-A,R5 (750)-A,R784-A,R5-A,FL45-A,R780-A,R5,Red,755,NA,Nova Fluor
NovaFluor UV 765,NUV765,NFUV765,Nova UV 765,,UV15-A,V15-A,355CH28-A,UV19 (750)-A,UV757-A,U15-A,FL01-A,UV736-A,UV19,UV,765,NA,Nova Fluor
NovaFluor Violet 690,NV690,NFV690,Nova Violet 690,,V12-A,V12-A,405CH21-A,V15 (700)-A,V681-A,V13-A,FL21-A,V680-A,V15,Violet,690,NA,Nova Fluor
NovaFluor Violet 745,NV745,NFV745,Nova Violet 745,,V14-A,V14-A,405CH25-A,V17 (750)-A,V735-A,V15-A,FL19-A,V750-A,V17,Violet,745,NA,Nova Fluor
NovaFluor Violet 800,NV800,NFV800,Nova Violet 800,,V16-A,V16-A,405CH32-A,V19 (810)-A,V815-A,V18-A,FL20-A,V845-A,V19,Violet,800,NA,Nova Fluor
NovaFluor Yellow 570,NY570,NFY570,Nova Yellow 570,,YG1-A,B4-A,561CH10-A,YG1 (575)-A,Y582-A,Y1-A,FL31-A,YG585-A,YG1,YellowGreen,570,NA,Nova Fluor
NovaFluor Yellow 590,NY590,NFY590,Nova Yellow 590,,YG2-A,B5-A,561CH12-A,YG2 (590)-A,Y600-A,Y2-A,FL32-A,YG585-A,YG2,YellowGreen,590,NA,Nova Fluor
NovaFluor Yellow 610,NY610,NFY610,Nova Yellow 610,,YG3-A,B6-A,561CH14-A,YG3 (605)-A,Y618-A,Y3-A,FL34-A,YG602-A,YG3,YellowGreen,610,NA,Nova Fluor
NovaFluor Yellow 660,NY660,NFY660,Nova Yellow 660,,YG4-A,R2-A,561CH18-A,YG5 (655)-A,Y661-A,Y5-A,FL35-A,YG660-A,YG5,YellowGreen,660,NA,Nova Fluor
NovaFluor Yellow 690,NY690,NFY690,Nova Yellow 690,,YG6-A,R3-A,561CH20-A,YG7 (700)-A,Y681-A,Y6-A,FL26-A,YG695-A,YG7,YellowGreen,690,NA,Nova Fluor
NovaFluor Yellow 700,NY700,NFY700,Nova Yellow 700,,YG7-A,B9-A,561CH22-A,YG7 (700)-A,Y700-A,Y6-A,FL26-A,YG695-A,YG7,YellowGreen,700,NA,Nova Fluor
NovaFluor Yellow 730,NY730,NFY730,Nova Yellow 730,,YG7-A,R5-A,561CH24-A,YG8 (725)-A,Y735-A,Y7-A,FL25-A,YG730-A,YG8,YellowGreen,730,NA,Nova Fluor
NovaFluor Yellow 755,NY755,NFY755,Nova Yellow 755,,YG9-A,R7-A,561CH26-A,YG9 (750)-A,Y757-A,Y8-A,FL28-A,YG750-A,YG9,YellowGreen,755,NA,Nova Fluor
NovaFluor Yellow 810,NY810,NFY810,Nova Yellow 810,,YG10-A,B14-A,561CH30-A,YG11 (810)-A,Y815-A,Y10-A,FL27-A,YG825-A,YG11,YellowGreen,810,NA,Nova Fluor
Pacific Blue,PB,PacBlue,,,V3-A,V3-A,405CH2-A,V3 (460)-A,V455-A,V3-A,FL17-A,V450-A,V3,Violet,455,NA,Small molecule
Pacific Orange,PO,PacOrange,,,V8-A,V8-A,405CH7-A,V8 (545)-A,V543-A,V7-A,FL14-A,V540-A,V8,Violet,551,NA,Small molecule
PE,Phycoerythrin,R-PE,,,YG1-A,B4-A,561CH11-A,YG1 (575)-A,Y582-A,Y1-A,FL31-A,YG585-A,YG1,YellowGreen,576,NA,Protein
PE-Alexa Fluor 610,PE Alexa Fluor 610,PE-AF610,,,YG3-A,B6-A,561CH14-A,YG4 (625)-A,Y618-A,Y4-A,FL33-A,YG602-A,YG4,YellowGreen,627,NA,Protein tandem
PE-Alexa Fluor 647,PE-Alexa647,PE-Alexa 647,PE Alexa Fluor 647,PE-AF647,YG5-A,B8-A,561CH19-A,YG5 (655)-A,Y661-A,Y5-A,FL35-A,YG670-A,YG5,YellowGreen,666,NA,Protein tandem
PE-Alexa Fluor 680,PE-Alexa680,PE-Alexa 680,PE Alexa Fluor 680,PE-AF680,YG7-A,B9-A,561CH22-A,YG7 (700)-A,Y700-A,Y6-A,FL26-A,YG695-A,YG7,YellowGreen,702,NA,Protein tandem
PE-Alexa Fluor 700,PE Alexa Fluor 700,PE-AF700,,,YG7-A,B10-A,561CH24-A,YG8 (725)-A,Y717-A,Y7-A,FL25-A,YG730-A,YG8,YellowGreen,719,NA,Protein tandem
PE-CF594,PE CF594,PECF594,,,YG3-A,B6-A,561CH14-A,YG3 (605)-A,Y618-A,Y3-A,FL34-A,YG602-A,YG3,YellowGreen,594,NA,Protein tandem
PE-Cy5,PE Cy5,PECy5,,,YG5-A,B8-A,561CH19-A,YG5 (655)-A,Y661-A,Y5-A,FL35-A,YG670-A,YG5,YellowGreen,670,NA,Protein tandem
PE-Cy5.5,PE Cy5.5,PECy55,,,YG7-A,B9-A,561CH21-A,YG7 (700)-A,Y700-A,Y6-A,FL26-A,YG695-A,YG7,YellowGreen,695,NA,Protein tandem
PE-Cy7,PE Cy7,PECy7,,,YG9-A,B13-A,561CH29-A,YG10 (780)-A,Y784-A,Y9-A,FL28-A,YG780-A,YG10,YellowGreen,774,NA,Protein tandem
PE-Dazzle 594,PE Dazzle 594,PE-Dazzle594,PED594,,YG3-A,B6-A,561CH14-A,YG3 (605)-A,Y618-A,Y3-A,FL34-A,YG602-A,YG3,YellowGreen,610,NA,Protein tandem
PE-eFluor 610,PE eFluor 610,PE-eFluor610,PE-e Fluor 610,,YG3-A,B6-A,561CH13-A,YG3 (605)-A,Y618-A,Y3-A,FL34-A,YG602-A,YG3,YellowGreen,606,NA,Protein tandem
PE-Fire 640,PE Fire 640,PE-Fire640,,,YG4-A,B7-A,561CH18-A,YG4 (625)-A,Y661-A,Y4-A,FL33-A,YG660-A,YG4,YellowGreen,639,NA,Protein tandem
PE-Fire 700,PE Fire 700,PE-Fire700,,,YG7-A,B9-A,561CH21-A,YG7 (700)-A,Y700-A,Y6-A,FL26-A,YG695-A,YG7,YellowGreen,695,NA,Protein tandem
PE-Fire 744,PE Fire 744,PE-Fire744,,,YG8-A,B12-A,561CH25-A,YG9 (750)-A,Y757-A,Y8-A,FL28-A,YG750-A,YG9,YellowGreen,744,NA,Protein tandem
PE-Fire 810,PE Fire 810,PE-Fire810,,,YG10-A,B14-A,561CH31-A,YG11 (810)-A,Y815-A,Y10-A,FL27-A,YG825-A,YG11,YellowGreen,806,NA,Protein tandem
PE-Texas Red,PETxRed,PE-TxRed,PE Texas Red,,YG3-A,B6-A,561CH14-A,YG4 (625)-A,Y618-A,Y4-A,FL33-A,YG602-A,YG4,YellowGreen,615,NA,Protein tandem
PE-Vio615,PE Vio615,PEVio615,,,YG3-A,B6-A,561CH14-A,YG4 (625)-A,Y618-A,Y4-A,FL33-A,YG602-A,YG4,YellowGreen,615,NA,Protein tandem
PE-Vio770,PE Vio770,PEVio770,,,YG9-A,B13-A,561CH29-A,YG10 (780)-A,Y784-A,Y9-A,FL28-A,YG780-A,YG10,YellowGreen,775,NA,Protein tandem
PerCP,PerCP,PERCP,Per CP,,B8-A,B8-A,488CH19-A,B10 (675)-A,B661-A,B9-A,FL42-A,B675-A,B10,Blue,675,NA,Protein
PerCP-Cy5.5,PerCP Cy5.5,PerCPCy5.5,,,B9-A,B9-A,488CH21-A,B11 (700)-A,B681-A,B10-A,FL41-A,B710-A,B11,Blue,690,NA,Protein tandem
PerCP-eFluor 710,PerCP eFluor 710,PerCP-eFluor710,PerCP-eFlour 710,Per CP-e Fluor 710,B10-A,B10-A,488CH23-A,B11 (700)-A,B717-A,B10-A,FL41-A,B710-A,B11,Blue,708,NA,Protein tandem
PerCP-Fire 780,PerCP Fire 780,PerCP-Fire780,,,B14-A,B14-A,488CH28-A,B14 (780)-A,B784-A,B13-A,FL40-A,B750-A,B14,Blue,774,NA,Protein tandem
PerCP-Fire 806,PerCP Fire 806,PerCP-Fire806,,,B14-A,B14-A,488CH32-A,B15 (810)-A,B815-A,B14-A,FL40-A,B810-A,B15,Blue,806,NA,Protein tandem
PerCP-Vio700,PerCP-Vio 700,PerCP Vio 700,PerCPVio700,PerCP-Vio700,B10-A,B10-A,488CH23-A,B11 (700)-A,B717-A,B10-A,FL41-A,B710-A,B11,Blue,704,NA,Protein tandem
Propidium Iodide,PI,Propidium-Iodide,,,YG4-A,B7-A,561CH18-A,YG5 (655)-A,Y661-A,Y5-A,FL35-A,YG660-A,YG5,YellowGreen,617,TRUE,
Qdot 525,Qdot525,Qdot-525,,,V7-A,V7-A,355CH6-A,V7 (530)-A,V525-A,V6-A,FL14-A,V510-A,V7,Violet,525,NA,Qdot
Qdot 545,Qdot545,Qdot-545,,,V8-A,V8-A,355CH8-A,V8 (545)-A,V543-A,V7-A,FL14-A,V540-A,V8,Violet,545,NA,Qdot
Qdot 565,Qdot565,Qdot-565,,,V8-A,V8-A,355CH9-A,V9 (575)-A,V582-A,V8-A,FL12-A,V540-A,V9,Violet,565,NA,Qdot
Qdot 585,Qdot585,Qdot-585,,,V9-A,V9-A,355CH11-A,V10 (590)-A,V582-A,V8-A,FL23-A,V576-A,V10,Violet,585,NA,Qdot
Qdot 605,Qdot605,Qdot-605,,,V10-A,V10-A,405CH14-A,V11 (605)-A,V600-A,V9-A,FL23-A,V615-A,V11,Violet,605,NA,Qdot
Qdot 625,Qdot625,Qdot-625,,,V10-A,V10-A,405CH14-A,V12 (625)-A,V618-A,V10-A,FL23-A,V615-A,V12,Violet,625,NA,Qdot
Qdot 655,Qdot655,Qdot-655,,,V11-A,V11-A,405CH18-A,V13 (655)-A,V661-A,V11-A,FL22-A,V660-A,V13,Violet,655,NA,Qdot
Qdot 705,Qdot705,Qdot-705,,,V13-A,V13-A,405CH21-A,V15 (700)-A,V700-A,V13-A,FL21-A,V710-A,V15,Violet,705,NA,Qdot
Qdot 800,Qdot800,Qdot-800,,,V15-A,V15-A,405CH30-A,V19 (810)-A,V815-A,V18-A,FL20-A,V785-A,V19,Violet,800,NA,Qdot
R718,Red 718,,,,R4-A,R4-A,637CH23-A,R4 (725)-A,R717-A,R4-A,FL43-A,R710-A,R4,Red,718,NA,Small molecule
R780,Red 780,Red780,,,R7-A,R7-A,637CH29-A,R6 (780)-A,R784-A,R6-A,FL44-A,R780-A,R6,Red,780,NA,Small molecule
RB502,Real Blue 502,[RB502],RealBlue 502,,B1-A,B1-A,488CH5-A,B2 (515)-A,B508-A,B1-A,FL37-A,B510-A,B2,Blue,502,NA,Real
RB545,Real Blue 545,[RB545],RealBlue 545,,B3-A,B3-A,488CH8-A,B4 (545)-A,B543-A,B3-A,FL36-A,B537-A,B4,Blue,545,NA,Real
RB575,Real Blue 575,[RB575],RealBlue 575,,B4-A,B4-A,488CH11-A,B5 (575)-A,B582-A,B4-A,FL38-A,B576-A,B5,Blue,575,NA,Real
RB613,Real Blue 613,[RB613],RealBlue 613,,B6-A,B6-A,488CH14-A,B7 (605)-A,B618-A,B6-A,FL39-A,B602-A,B7,Blue,613,NA,Real
RB670,Real Blue 670,[RB670],RealBlue 670,,B8-A,B8-A,488CH19-A,B10 (675)-A,B661-A,B9-A,FL42-A,B660-A,B8,Blue,670,NA,Real
RB705,Real Blue 705,[RB705],RealBlue 705,,B10-A,B10-A,488CH22-A,B11 (700)-A,B717-A,B10-A,FL41-A,B710-A,B10,Blue,705,NA,Real
RB744,Real Blue 744,[RB744],RealBlue 744,,B12-A,B12-A,488CH26-A,B13 (750)-A,B757-A,B12-A,FL40-A,B750-A,B12,Blue,744,NA,Real
RB780,Real Blue 780,[RB780],RealBlue 780,,B14-A,B14-A,488CH29-A,B14 (780)-A,B784-A,B13-A,FL40-A,B810-A,B13,Blue,780,NA,Real
RB824,Real Blue 824,[RB824],RealBlue 824,,B14-A,B14-A,488CH32-A,B15 (810)-A,B815-A,B15-A,FL40-A,B810-A,B14,Blue,824,NA,Real
Red Fluor 710,RFl710,RF710,Red Fluor710,,R4-A,R4-A,637CH23-A,R4 (725)-A,R717-A,R4-A,FL43-A,R710-A,R4,Red,710,NA,Small molecule
RFP,Red Fluorescent Protein,,,,YG1-A,B5-A,561CH11-A,YG1 (575)-A,Y582-A,Y1-A,FL31-A,YG585-A,YG1,YellowGreen,584,NA,Fluorescent Protein
RR688,Real Red 688,[RR688],RealRed 688,,R3-A,R3-A,637CH20-A,R3 (700)-A,R700-A,R3-A,FL47-A,R680-A,R3,Red,688,NA,Real
RV544,Real Violet 544,[RV544],RealViolet 544,,V8-A,V8-A,405CH7-A,V8 (545)-A,V543-A,V7-A,FL14-A,V540-A,V8,Violet,544,NA,Real
RV828,Real Violet 828,[RV828],RealViolet 828,,V16-A,V16-A,405CH33-A,V19 (810)-A,V815-A,V19-A,FL20-A,V845-A,V19,Violet,828,NA,Real
RY586,Real Yellow 586,[RY586],RealYellow 586,,YG1-A,B5-A,561CH11-A,YG2 (590)-A,Y582-A,Y2-A,FL32-A,YG585-A,YG2,YellowGreen,586,NA,Real
RY610,Real Yellow 610,[RY610],RealYellow 610,,YG3-A,B6-A,561CH13-A,YG3 (605)-A,Y618-A,Y3-A,FL34-A,YG602-A,YG3,YellowGreen,610,NA,Real
RY655,Real Yellow 655,[RY655],RealYellow 655,,YG4-A,B7-A,561CH18-A,YG5 (655)-A,Y661-A,Y5-A,FL35-A,YG660-A,YG5,YellowGreen,655,NA,Real
RY703,Real Yellow 703,[RY703],RealYellow 703,,YG7-A,B9-A,561CH22-A,YG7 (700)-A,Y700-A,Y6-A,FL26-A,YG695-A,YG7,YellowGreen,703,NA,Real
RY743,Real Yellow 743,[RY743],RealYellow 743,,YG8-A,B12-A,561CH25-A,YG9 (750)-A,Y757-A,Y8-A,FL28-A,YG750-A,YG9,YellowGreen,743,NA,Real
RY775,Real Yellow 775,[RY775],RealYellow 775,,YG9-A,B13-A,561CH29-A,YG10 (780)-A,Y784-A,Y9-A,FL28-A,YG780-A,YG10,YellowGreen,775,NA,Real
Sapphire,,,,,UV7-A,V3-A,355CH5-A,UV7 (500)-A,UV508-A,U7-A,FL06-A,UV515-A,UV7,UV,511,NA,Fluorescent Protein
SBB580,StarBright Blue 580,StarBright B580,Star Bright Blue 580,,B4-A,B4-A,488CH11-A,B5 (575)-A,B582-A,B4-A,FL38-A,B576-A,B5,Blue,580,NA,StarBright
SBB615,StarBright Blue 615,StarBright B615,Star Bright Blue 615,,B6-A,B6-A,488CH13-A,B7 (605)-A,B618-A,B6-A,FL39-A,B602-A,B7,Blue,615,NA,StarBright
SBB675,StarBright Blue 675,StarBright B675,Star Bright Blue 675,,B8-A,B8-A,488CH19-A,B10 (675)-A,B661-A,B9-A,FL42-A,B675-A,B10,Blue,675,NA,StarBright
SBB700,StarBright Blue 700,StarBright B700,Star Bright Blue 700,,B9-A,B9-A,488CH21-A,B11 (700)-A,B700-A,B10-A,FL41-A,B710-A,B11,Blue,700,NA,StarBright
SBB765,StarBright Blue 765,StarBright B765,Star Bright Blue 765,,B12-A,B12-A,488CH27-A,B13 (750)-A,B757-A,B12-A,FL40-A,B750-A,B13,Blue,765,NA,StarBright
SBB810,StarBright Blue 810,StarBright B810,Star Bright Blue 810,,B14-A,B14-A,488CH31-A,B15 (810)-A,B815-A,B14-A,FL40-A,B810-A,B15,Blue,810,NA,StarBright
SBR670,StarBright Red 670,StarBright R670,Star Bright Red 670,,R2-A,R2-A,637CH18-A,R2 (675)-A,R681-A,R2-A,FL46-A,R675-A,R2,Red,670,NA,StarBright
SBR715,StarBright Red 715,StarBright R715,Star Bright Red 715,,R4-A,R4-A,637CH23-A,R4 (725)-A,R717-A,R4-A,FL43-A,R710-A,R4,Red,715,NA,StarBright
SBR775,StarBright Red 775,StarBright R775,Star Bright Red 775,,R7-A,R7-A,637CH28-A,R6 (780)-A,R784-A,R6-A,FL44-A,R730-A,R6,Red,775,NA,StarBright
SBR815,StarBright Red 815,StarBright R815,Star Bright Red 815,,R8-A,R8-A,637CH31-A,R7 (810)-A,R815-A,R7-A,FL48-A,R780-A,R7,Red,815,NA,StarBright
SBUV400,StarBright UltraViolet 400,StarBright UV400,Star Bright UV400,,UV2-A,V1-A,355CH2-A,UV2 (390)-A,UV380-A,U2-A,FL07-A,UV379-A,UV2,UV,400,NA,StarBright
SBUV445,StarBright UltraViolet 445,StarBright UV445,Star Bright UV445,,UV6-A,V3-A,355CH4-A,UV4 (440)-A,UV440-A,U4-A,FL10-A,UV446-A,UV4,UV,445,NA,StarBright
SBUV510,StarBright UltraViolet 510,StarBright UV510,Star Bright UV510,,UV7-A,V6-A,355CH6-A,UV8 (515)-A,UV508-A,U7-A,FL06-A,UV515-A,UV8,UV,510,NA,StarBright
SBUV540,StarBright UltraViolet 540,StarBright UV540,Star Bright UV540,,UV8-A,V7-A,355CH8-A,UV10 (545)-A,UV543-A,U8-A,FL05-A,UV540-A,UV10,UV,540,NA,StarBright
SBUV575,StarBright UltraViolet 575,StarBright UV575,Star Bright UV575,,UV9-A,V8-A,355CH11-A,UV11 (575)-A,UV582-A,U9-A,FL04-A,UV585-A,UV11,UV,575,NA,StarBright
SBUV605,StarBright UltraViolet 605,StarBright UV605,Star Bright UV605,,UV10-A,V10-A,355CH13-A,UV13 (605)-A,UV600-A,U10-A,FL03-A,UV610-A,UV13,UV,605,NA,StarBright
SBUV665,StarBright UltraViolet 665,StarBright UV665,Star Bright UV665,,UV11-A,V11-A,355CH19-A,UV15 (655)-A,UV661-A,U11-A,FL00-A,UV660-A,UV15,UV,665,NA,StarBright
SBUV700,StarBright UltraViolet 700,StarBright UV700,Star Bright UV700,,UV13-A,V12-A,355CH23-A,UV17 (700)-A,UV700-A,U13-A,FL01-A,UV695-A,UV17,UV,700,NA,StarBright
SBUV740,StarBright UltraViolet 740,StarBright UV740,Star Bright UV740,,UV14-A,V14-A,355CH25-A,UV19 (750)-A,UV735-A,U15-A,FL01-A,UV736-A,UV19,UV,740,NA,StarBright
SBUV770,StarBright UltraViolet 770,StarBright UV770,Star Bright UV770,,UV15-A,V15-A,355CH27-A,UV20 (780)-A,UV757-A,U16-A,FL02-A,UV809-A,UV20,UV,770,NA,StarBright
SBUV795,StarBright UltraViolet 795,StarBright UV795,Star Bright UV795,,UV16-A,B14-A,355CH29-A,UV20 (780)-A,UV784-A,U16-A,FL02-A,UV809-A,UV20,UV,795,NA,StarBright
SBV440,StarBright Violet 440,StarBright V440,Star Bright Violet 440,,V2-A,V2-A,405CH3-A,V2 (440)-A,V440-A,V2-A,FL15-A,V427-A,V2,Violet,440,NA,StarBright
SBV475,StarBright Violet 475,StarBright V475,Star Bright Violet 475,SBUV475,V4-A,V4-A,405CH4-A,V4 (475)-A,V469-A,V4-A,FL18-A,V470-A,V4,Violet,475,NA,StarBright
SBV515,StarBright Violet 515,StarBright V515,Star Bright Violet 515,,V5-A,V5-A,405CH5-A,V6 (515)-A,V508-A,V5-A,FL13-A,V510-A,V6,Violet,515,NA,StarBright
SBV535,StarBright Violet 535,StarBright V535,Star Bright Violet 535,,V7-A,V7-A,405CH5-A,V7 (530)-A,V525-A,V6-A,FL14-A,V540-A,V7,Violet,535,NA,StarBright
SBV570,StarBright Violet 570,StarBright V570,Star Bright Violet 570,,V8-A,V8-A,405CH11-A,V9 (575)-A,V582-A,V8-A,FL12-A,V576-A,V9,Violet,570,NA,StarBright
SBV610,StarBright Violet 610,StarBright V610,Star Bright Violet 610,,V10-A,V10-A,405CH13-A,V11 (605)-A,V618-A,V9-A,FL23-A,V615-A,V11,Violet,610,NA,StarBright
SBV670,StarBright Violet 670,StarBright V670,Star Bright Violet 670,,V11-A,V11-A,405CH18-A,V14 (675)-A,V661-A,V12-A,FL22-A,V660-A,V14,Violet,670,NA,StarBright
SBV710,StarBright Violet 710,StarBright V710,Star Bright Violet 710,,V13-A,V13-A,405CH23-A,V15 (700)-A,V717-A,V13-A,FL21-A,V710-A,V15,Violet,710,NA,StarBright
SBV760,StarBright Violet 760,StarBright V760,Star Bright Violet 760,,V14-A,V14-A,405CH27-A,V17 (750)-A,V757-A,V15-A,FL19-A,V750-A,V17,Violet,760,NA,StarBright
SBV790,StarBright Violet 790,StarBright V790,Star Bright Violet 790,,V15-A,V15-A,405CH29-A,V18 (780)-A,V784-A,V17-A,FL20-A,V785-A,V18,Violet,790,NA,StarBright
SBY575,StarBright YellowGreen 575,StarBright Y575,Star Bright Yellow 575,,YG1-A,B4-A,561CH11-A,YG1 (575)-A,Y582-A,Y1-A,FL31-A,YG585-A,YG1,YellowGreen,575,NA,StarBright
SBY605,StarBright YellowGreen 605,StarBright Y605,Star Bright Yellow 605,,YG3-A,V10-A,561CH13-A,YG3 (605)-A,Y618-A,Y3-A,FL34-A,YG602-A,YG3,YellowGreen,605,NA,StarBright
SBY665,StarBright YellowGreen 665,StarBright Y665,Star Bright Yellow 665,,YG5-A,B9-A,561CH19-A,YG5 (655)-A,Y661-A,Y5-A,FL35-A,YG670-A,YG5,YellowGreen,665,NA,StarBright
SBY720,StarBright YellowGreen 720,StarBright Y720,Star Bright Yellow 720,,YG7-A,V13-A,561CH23-A,YG8 (725)-A,Y717-A,Y7-A,FL25-A,YG730-A,YG8,YellowGreen,720,NA,StarBright
SBY800,StarBright YellowGreen 800,StarBright Y800,Star Bright Yellow 800,,YG9-A,B14-A,561CH29-A,YG10 (780)-A,Y784-A,Y9-A,FL28-A,YG780-A,YG10,YellowGreen,800,NA,StarBright
Spark Blue 515,SB515,[SB515],SparkBlue-515,,B1-A,B1-A,488CH5-A,B2 (515)-A,B508-A,B1-A,FL37-A,B510-A,B2,Blue,515,NA,Small molecule
Spark Blue 550,SB550,[SB550],SparkBlue-550,,B3-A,B3-A,488CH7-A,B4 (545)-A,B543-A,B3-A,FL36-A,B537-A,B4,Blue,550,NA,Small molecule
Spark Blue 574,SB574,[SB574],SparkBlue-574,,B4-A,B4-A,488CH11-A,B5 (575)-A,B582-A,B4-A,FL38-A,B576-A,B5,Blue,574,NA,Small molecule
Spark NIR 685,SNIR685,,SparkNIR-685,,R3-A,R3-A,637CH20-A,R3 (700)-A,R700-A,R3-A,FL47-A,R680-A,R3,Red,685,NA,Small molecule
Spark PLUS B550,SPB550,[SPB550], Spark PLUS Blue 550,,B3-A,B3-A,488CH7-A,B4 (545)-A,B543-A,B3-A,FL36-A,B537-A,B4,Blue,550,NA,Small molecule
Spark PLUS Blue 574,SPB574,[SPB574],SparkPLUSBlue-574,,B4-A,B4-A,488CH11-A,B5 (575)-A,B582-A,B4-A,FL38-A,B576-A,B5,Blue,574,NA,Small molecule
Spark PLUS UV 395,Spark PLUS UV395,SPUV395,Spark PLUS UV 395,,UV2-A,V1-A,355CH2-A,UV2 (390)-A,UV380-A,U2-A,FL07-A,UV379-A,UV2,UV,395,NA,Small molecule
Spark PLUS V475,Spark Violet 475,SV475,SparkViolet-475,,V5-A,V5-A,405CH4-A,V4 (475)-A,V469-A,V4-A,FL18-A,V470-A,V4,Violet,475,NA,Small molecule
Spark Red 718,SR718,,SparkRed-718,,R4-A,R4-A,637CH23-A,R4 (725)-A,R717-A,R4-A,FL43-A,R710-A,R4,Red,718,NA,Small molecule
Spark UV 387,Spark UV387,SUV387,SparkUV-387,,UV1-A,V1-A,355CH1-A,UV1 (375)-A,UV380-A,U1-A,FL07-A,UV379-A,UV1,UV,387,NA,Small molecule
Spark UV 395,Spark UV395,SUV395,SparkUV-395,,UV2-A,V1-A,355CH2-A,UV2 (390)-A,UV380-A,U2-A,FL07-A,UV379-A,UV2,UV,395,NA,Small molecule
Spark Violet 423,SV423,,SparkViolet-423,,V2-A,V2-A,405CH1-A,V1 (420)-A,V440-A,V1-A,FL16-A,V427-A,V1,Violet,423,NA,Small molecule
Spark Violet 500,SV500,,SparkViolet-500,,V5-A,V5-A,405CH4-A,V5 (500)-A,V508-A,V5-A,FL13-A,V510-A,V5,Violet,500,NA,Small molecule
Spark Violet 538,SV538,,SparkViolet-538,,V8-A,V8-A,405CH7-A,V8 (545)-A,V543-A,V7-A,FL14-A,V540-A,V8,Violet,538,NA,Small molecule
Spark YG 570,SYG570,,SparkYG-570,,YG1-A,B4-A,561CH11-A,YG1 (575)-A,Y582-A,Y1-A,FL31-A,YG585-A,YG1,YellowGreen,570,NA,Small molecule
Spark YG 581,SYG581,,SparkYG-581,,YG1-A,V8-A,561CH11-A,YG1 (575)-A,Y582-A,Y1-A,FL31-A,YG585-A,YG1,YellowGreen,581,NA,Small molecule
Spark YG 593,SYG593,,SparkYG-593,,YG2-A,B5-A,561CH12-A,YG2 (590)-A,Y600-A,Y2-A,FL32-A,YG602-A,YG2,YellowGreen,593,NA,Small molecule
Super Bright 436,SB436,SuperBright 436,SuperBright436,,V2-A,V2-A,405CH1-A,V2 (440)-A,V440-A,V2-A,FL15-A,V427-A,V2,Violet,431,NA,SIRIGEN
Super Bright 600,SB600,SuperBright 600,SuperBright600,,V10-A,V10-A,405CH12-A,V11 (605)-A,V600-A,V9-A,FL23-A,V595-A,V11,Violet,601,NA,SIRIGEN tandem
Super Bright 645,SB645,SuperBright 645,SuperBright645,,V11-A,V11-A,405CH16-A,V13 (655)-A,V661-A,V11-A,FL22-A,V660-A,V13,Violet,645,NA,SIRIGEN tandem
Super Bright 702,SB702,SuperBright 702,SuperBright702,,V13-A,V13-A,405CH22-A,V15 (700)-A,V700-A,V13-A,FL21-A,V710-A,V15,Violet,702,NA,SIRIGEN tandem
Super Bright 780,SB780,SuperBright 780,SuperBright780,,V15-A,V15-A,405CH29-A,V18 (780)-A,V784-A,V17-A,FL20-A,V785-A,V18,Violet,780,NA,SIRIGEN tandem
sVio 667,sVio667,,,,R1-A,R1-A,637CH18-A,R1 (655)-A,R661-A,R1-A,FL46-A,R660-A,R1,Red,667,NA,Small molecule
SYTO 9,Syto9,SYTO9,,,B2-A,B2-A,488CH6-A,B2 (515)-A,B525-A,B1-A,FL37-A,B510-A,B2,Blue,504,TRUE,
SYTOX Blue,Sytox Blue,Sytox-Blue,,,V3-A,V3-A,405CH2-A,V3 (460)-A,V455-A,V3-A,FL17-A,V450-A,V3,Violet,447,TRUE,
SYTOX Green,Sytox Green,Sytox-Green,,,B2-A,B2-A,488CH6-A,B2 (515)-A,B525-A,B1-A,FL37-A,B510-A,B2,Blue,523,TRUE,
SYTOX Orange,Sytox Orange,Sytox-Orange,,,YG1-A,B4-A,561CH11-A,YG1 (575)-A,Y582-A,Y1-A,FL31-A,YG585-A,YG1,YellowGreen,570,TRUE,
SYTOX Red,Sytox Red,Sytox-Red,,,R1-A,R1-A,637CH18-A,R1 (655)-A,R661-A,R1-A,FL46-A,R660-A,R1,Red,651,TRUE,
tdTomato,TdTomato,tdTom,TD Tomato,TdT,YG2-A,B5-A,561CH12-A,YG2 (590)-A,Y600-A,Y2-A,FL32-A,YG602-A,YG2,YellowGreen,581,NA,Fluorescent Protein
Texas Red,TexasRed,Texas-Red,TxRed,,R1-A,R1-A,637CH18-A,R1 (655)-A,R661-A,R1-A,FL46-A,R660-A,R1,Red,615,NA,
TMRE,,,,,B4-A,B4-A,488CH11-A,B5 (575)-A,B582-A,B4-A,FL38-A,B576-A,B5,Blue,575,NA,
TMRM,,,,,YG1-A,B4-A,561CH11-A,YG1 (575)-A,Y582-A,Y1-A,FL31-A,YG585-A,YG1,YellowGreen,574,NA,
TRITC,Tetramethylrhodamine,TRITC-Isothiocyanate,,,YG2-A,B5-A,561CH12-A,YG2 (590)-A,Y600-A,Y2-A,FL32-A,YG602-A,YG2,YellowGreen,572,NA,
Turquoise,mTurquoise,mTurquoise2,mCerulean,Cerulean,B1-A,B1-A,488CH5-A,B2 (515)-A,B508-A,B1-A,FL37-A,B510-A,B2,Blue,474,NA,
UV375,mFluorUV375,mFluor UV375,mFluor UV 375,,UV1-A,V1-A,355CH1-A,UV1 (375)-A,UV380-A,U1-A,FL07-A,UV379-A,UV1,UV,375,NA,Small molecule
V450,,,,,V3-A,V3-A,405CH2-A,V2 (440)-A,V455-A,V2-A,FL15-A,V450-A,V2,Violet,450,NA,Small molecule
V500,,,,,V7-A,V7-A,405CH4-A,V5 (500)-A,V508-A,V5-A,FL13-A,V510-A,V5,Violet,500,NA,Small molecule
V547,cFluor V547,cFluorV547,cfluor V 547,,V8-A,V8-A,405CH8-A,V8 (545)-A,V543-A,V7-A,FL14-A,V540-A,V8,Violet,547,NA,Small molecule
Venus,,,,,B3-A,B3-A,488CH8-A,B4 (545)-A,B543-A,B3-A,FL36-A,B537-A,B4,Blue,528,NA,Fluorescent Protein
ViaKrome 808,ViaKrome808,viakrome 808,,,R6-A,R6-A,637CH25-A,R5 (750)-A,R757-A,R5-A,FL45-A,R730-A,R5,Red,740,TRUE,Small molecule
Vio 667,Vio667,,,,R1-A,R1-A,637CH18-A,R1 (655)-A,R661-A,R1-A,FL46-A,R660-A,R1,Red,667,NA,Small molecule
Vio515,,,,,B1-A,B1-A,488CH5-A,B2 (515)-A,B508-A,B1-A,FL37-A,B510-A,B2,Blue,514,NA,Small molecule
Viobility 405-452,Viobility 405-452 Fixable Dye,Viobility 452,Viobility 405/452,,V3-A,V3-A,405CH2-A,V2 (440)-A,V440-A,V2-A,FL15-A,V450-A,V2,Violet,452,TRUE,
Viobility 405-520,Viobility 405-520 Fixable Dye,Viobility 520,Viobility 405/520,,V7-A,V7-A,405CH7-A,V6 (515)-A,V508-A,V5-A,FL13-A,V510-A,V6,Violet,520,TRUE,
Viobility 488-520,Viobility 488-520 Fixable Dye,Viobility 488,Viobility 488/520,,B2-A,B2-A,488CH6-A,B2 (515)-A,B525-A,B1-A,FL37-A,B510-A,B2,Blue,520,TRUE,
Viobility 640-770,Viobility 640-770 Fixable Dye,Viobility 770,Viobility 640/770,,R7-A,R7-A,637CH27-A,R5 (750)-A,R784-A,R5-A,FL45-A,R780-A,R5,Red,770,TRUE,
VioBlue,,,,,V3-A,V3-A,405CH2-A,V2 (440)-A,V440-A,V2-A,FL15-A,V450-A,V2,Violet,452,NA,
VioBright 667,VioBright667,,,,R2-A,R2-A,637CH18-A,R2 (675)-A,R681-A,R2-A,FL46-A,R675-A,R2,Red,668,NA,
VioBright B515,Vio Bright B515,VioBrightB515,Vio-Bright 515,,B1-A,B1-A,488CH5-A,B2 (515)-A,B508-A,B1-A,FL37-A,B510-A,B2,Blue,515,NA,
VioBright FITC,Vio Bright FITC,VioBrightFITC,,,B2-A,B2-A,488CH6-A,B2 (515)-A,B525-A,B1-A,FL37-A,B510-A,B2,Blue,517,NA,
VioBright V600,Vio Bright V600,VBV600,,,V10-A,V10-A,405CH13-A,V11 (605)-A,V600-A,V9-A,FL23-A,V615-A,V11,Violet,600,NA,
VioGreen,,,,,V7-A,V7-A,405CH4-A,V6 (515)-A,V508-A,V5-A,FL13-A,V510-A,V6,Violet,520,NA,
Violet Fluor 450,VFl450,VF450,,,V3-A,V3-A,405CH2-A,V2 (440)-A,V440-A,V2-A,FL15-A,V450-A,V2,Violet,445,NA,
YFP,Yellow Fluorescent Protein,EYFP,,,B3-A,B3-A,488CH7-A,B3 (530)-A,B543-A,B2-A,FL37-A,B537-A,B3,Blue,527,NA,
Zombie Aqua,ZombieAqua,Zombie-Aqua,,,V5-A,V5-A,405CH4-A,V4 (475)-A,V469-A,V4-A,FL18-A,V470-A,V4,Violet,516,TRUE,
Zombie Green,ZombieGreen,Zombie-Green,,,B2-A,B2-A,488CH6-A,B2 (515)-A,B525-A,B1-A,FL37-A,B510-A,B2,Blue,515,TRUE,
Zombie NIR,ZombieNIR,Zombie-NIR,Zombie NIR,,R7-A,R7-A,637CH26-A,R5 (750)-A,R784-A,R5-A,FL45-A,R780-A,R5,Red,750,TRUE,
Zombie Red,ZombieRed,Zombie-Red,,,R1-A,R1-A,637CH18-A,R1 (655)-A,R661-A,R1-A,FL46-A,R660-A,R1,Red,660,TRUE,
Zombie UV,ZombieUV,Zombie-UV,,,UV6-A,V2-A,355CH3-A,UV5 (460)-A,UV469-A,U5-A,FL09-A,UV446-A,UV5,UV,465,TRUE,
Zombie Violet,ZombieViolet,Zombie-Violet,,,V3-A,V3-A,405CH2-A,V2 (440)-A,V440-A,V2-A,FL15-A,V450-A,V2,Violet,423,TRUE,
Zombie Yellow,ZombieYellow,Zombie-Yellow,,,YG1-A,B4-A,561CH11-A,YG1 (575)-A,Y582-A,Y1-A,FL31-A,YG585-A,YG1,YellowGreen,570,TRUE,
