,320CH1-A,320CH2-A,320CH3-A,320CH4-A,320CH5-A,320CH6-A,320CH7-A,320CH8-A,320CH9-A,320CH10-A,320CH11-A,320CH12-A,320CH13-A,320CH14-A,320CH15-A,320CH16-A,320CH17-A,320CH18-A,320CH19-A,320CH20-A,320CH21-A,320CH22-A,320CH23-A,320CH24-A,320CH25-A,320CH26-A,320CH27-A,320CH28-A,320CH29-A,320CH30-A,320CH31-A,320CH32-A,320CH33-A,320CH34-A,320CH35-A,355CH1-A,355CH2-A,355CH3-A,355CH4-A,355CH5-A,355CH6-A,355CH7-A,355CH8-A,355CH9-A,355CH10-A,355CH11-A,355CH12-A,355CH13-A,355CH14-A,355CH15-A,355CH16-A,355CH17-A,355CH18-A,355CH19-A,355CH20-A,355CH21-A,355CH22-A,355CH23-A,355CH24-A,355CH25-A,355CH26-A,355CH27-A,355CH28-A,355CH29-A,355CH30-A,355CH31-A,355CH32-A,355CH33-A,355CH34-A,355CH35-A,405CH1-A,405CH2-A,405CH3-A,405CH4-A,405CH5-A,405CH6-A,405CH7-A,405CH8-A,405CH9-A,405CH10-A,405CH11-A,405CH12-A,405CH13-A,405CH14-A,405CH15-A,405CH16-A,405CH17-A,405CH18-A,405CH19-A,405CH20-A,405CH21-A,405CH22-A,405CH23-A,405CH24-A,405CH25-A,405CH26-A,405CH27-A,405CH28-A,405CH29-A,405CH30-A,405CH31-A,405CH32-A,405CH33-A,405CH34-A,405CH35-A,488CH4-A,488CH5-A,488CH6-A,488CH7-A,488CH8-A,488CH9-A,488CH10-A,488CH11-A,488CH12-A,488CH13-A,488CH14-A,488CH15-A,488CH16-A,488CH17-A,488CH18-A,488CH19-A,488CH20-A,488CH21-A,488CH22-A,488CH23-A,488CH24-A,488CH25-A,488CH26-A,488CH27-A,488CH28-A,488CH29-A,488CH30-A,488CH31-A,488CH32-A,488CH33-A,488CH34-A,488CH35-A,561CH10-A,561CH11-A,561CH12-A,561CH13-A,561CH14-A,561CH15-A,561CH16-A,561CH17-A,561CH18-A,561CH19-A,561CH20-A,561CH21-A,561CH22-A,561CH23-A,561CH24-A,561CH25-A,561CH26-A,561CH27-A,561CH28-A,561CH29-A,561CH30-A,561CH31-A,561CH32-A,561CH33-A,561CH34-A,561CH35-A,637CH17-A,637CH18-A,637CH19-A,637CH20-A,637CH21-A,637CH22-A,637CH23-A,637CH24-A,637CH25-A,637CH26-A,637CH27-A,637CH28-A,637CH29-A,637CH30-A,637CH31-A,637CH32-A,637CH33-A,637CH34-A,637CH35-A
BUV395,1,0.462969428,0.149568703,0.048318118,0.039998908,0.023143547,0.013698348,0.006990569,0.000805669,0.000935518,0.002188084,0.001458193,0.000848857,0.000573348,0.00012472,1.63E-05,0.000135159,0.000147072,9.52E-05,8.24E-05,7.87E-05,9.85E-05,0.000185895,0.000609779,0.001190217,0.000937878,0.000717204,0.000277548,5.56E-05,1.18E-06,-4.44E-06,-5.52E-06,1.14E-07,-1.14E-05,-6.46E-06,0.453520001,0.184455191,0.065049666,0.025361753,0.026273692,0.01755724,0.010557135,0.005424657,0.000880831,0.000473851,0.001276136,0.000869096,0.000520262,0.000297461,0.000126344,1.66E-05,9.36E-05,8.87E-05,8.38E-05,6.05E-05,2.46E-05,3.20E-05,6.15E-05,0.000239595,0.000479746,0.000493603,0.000297641,0.000196968,0.000114041,3.64E-05,1.32E-05,2.01E-05,1.29E-05,2.73E-06,6.88E-06,0.002320763,0.001147674,0.000303193,9.54E-05,0.000156378,-5.06E-05,0.000102207,3.45E-05,-4.24E-05,4.37E-06,4.68E-05,5.81E-05,7.65E-06,-6.51E-06,-6.09E-06,1.51E-05,-2.45E-05,-2.95E-06,1.42E-05,-1.18E-05,6.19E-06,1.59E-05,2.88E-05,9.87E-06,-6.39E-06,3.15E-05,-7.40E-06,1.01E-05,-6.22E-06,8.43E-06,-5.53E-06,-3.91E-06,-6.55E-06,-4.68E-06,4.21E-07,-1.06E-07,-5.07E-05,-5.28E-06,-3.35E-05,-4.54E-05,-3.49E-06,-1.35E-05,2.74E-06,4.21E-05,7.96E-06,1.20E-05,-5.53E-06,1.79E-06,-2.09E-06,-2.29E-06,-6.13E-06,2.16E-06,4.19E-06,9.88E-06,3.50E-06,1.13E-06,-5.17E-06,3.66E-07,9.16E-06,7.63E-06,3.37E-06,2.87E-06,-2.36E-06,-3.73E-06,6.04E-07,3.21E-06,1.65E-06,-7.56E-05,5.99E-05,3.29E-05,-4.64E-05,2.83E-05,2.18E-05,-6.31E-06,5.54E-06,-3.06E-08,4.61E-05,-2.98E-05,9.62E-05,-4.65E-05,4.78E-05,-7.90E-07,-1.55E-06,8.37E-06,-6.96E-08,2.95E-06,2.67E-06,-1.61E-06,1.31E-06,-4.90E-07,1.91E-06,1.33E-06,1.97E-06,-5.73E-06,-6.78E-06,-9.01E-06,6.74E-06,7.01E-06,-7.96E-06,-3.00E-06,-1.14E-06,3.44E-06,2.04E-06,-9.16E-06,-4.40E-06,1.32E-05,3.51E-06,-2.11E-05,8.04E-05,-1.10E-05,5.37E-05,-1.03E-06
BUV496,0.089031558,0.083104012,0.080716376,1,0.966818498,0.710240491,0.522910519,0.308599369,0.040922813,0.050850744,0.125410478,0.085719798,0.056903421,0.036444562,0.01121187,0.001808845,0.009945913,0.009398667,0.006575845,0.005493551,0.003607953,0.002831565,0.005217243,0.017059658,0.033921142,0.032212314,0.027816925,0.020739998,0.010209103,0.003644479,0.000271769,0.000702488,0.000271199,4.17E-05,0.000121081,0.051798637,0.041202282,0.033444633,0.399508211,0.474380531,0.40119376,0.301955424,0.182347339,0.031858828,0.020965689,0.058571296,0.042643826,0.028187567,0.017522134,0.007076171,0.000963224,0.005129035,0.004534597,0.003663938,0.002688009,0.001763847,0.001385186,0.001817918,0.005166462,0.010279345,0.01100335,0.008672918,0.006668268,0.003688756,0.00138734,0.000772252,0.000968975,0.000978163,0.000639373,0.000491015,0.005928018,0.006963552,0.051628348,0.423414496,0.398193923,0.322532657,0.260152733,0.154347006,0.020863224,0.022548694,0.046519419,0.033722956,0.023322439,0.020226831,0.006201324,0.000964254,0.004857667,0.004153237,0.002972588,0.00230254,0.001609909,0.001006216,0.001698368,0.004477317,0.009592845,0.010244604,0.008170442,0.006104685,0.00324504,0.001256904,0.000657521,0.001123491,0.000757213,0.000256873,0.000166024,0.039270737,0.033491639,0.029832719,0.023650412,0.01504804,0.002589895,0.00194896,0.005127487,0.003933909,0.002432633,0.001778577,0.000633548,2.65E-05,0.000398261,0.000376836,0.000291562,0.00021926,0.000118092,7.55E-05,7.74E-05,0.000187292,0.000391868,0.000522407,0.000374627,0.00028367,0.000117864,3.40E-05,1.24E-05,9.61E-06,2.32E-05,-4.07E-06,9.95E-06,1.82E-05,0.000323541,0.000231105,-5.70E-05,0.000138934,3.93E-05,7.00E-06,9.34E-05,-1.77E-05,0.000144116,8.57E-05,0.000255975,6.03E-05,4.24E-05,8.11E-05,7.12E-05,-7.03E-07,2.13E-05,2.54E-05,7.52E-06,-3.88E-06,6.08E-06,-5.21E-06,5.38E-08,2.21E-06,-1.37E-06,-3.84E-05,7.54E-05,-1.54E-05,2.08E-05,1.84E-05,1.99E-06,-9.89E-07,2.61E-05,1.74E-05,3.36E-05,3.93E-06,-1.18E-05,-3.09E-06,6.43E-05,8.05E-05,0.000118684,-3.58E-05,3.64E-05,-1.62E-05
BUV563,0.141626295,0.130548257,0.051484861,0.023937198,0.02156939,0.038914334,0.21755972,0.559751208,0.127097454,0.390181153,0.90152049,0.574153513,0.40456187,0.295934295,0.093988215,0.014186591,0.072232297,0.065851789,0.045667577,0.038270201,0.027796816,0.018475653,0.013621762,0.009743702,0.006935101,0.006150689,0.009035604,0.018155338,0.018379326,0.014469105,0.012650144,0.02278419,0.018328155,0.011459688,0.008109235,0.073349729,0.059017473,0.025430547,0.013770726,0.014602141,0.022814638,0.117081443,0.330869506,0.106043144,0.16540751,0.446249451,0.304155025,0.211331116,0.147789074,0.062167866,0.007573859,0.038622678,0.033655866,0.026654814,0.02020726,0.013007753,0.009452695,0.006598734,0.00516328,0.004055431,0.003562107,0.004166817,0.007432428,0.007071823,0.005132921,0.005262465,0.007349466,0.007769317,0.005380392,0.00386537,0.001891633,0.001237335,0.000562228,0.000634681,0.000504924,0.003107116,0.020927295,0.05627028,0.013245861,0.036878812,0.072118256,0.048626189,0.035334386,0.034379961,0.010998614,0.001359257,0.007528798,0.006466018,0.004472715,0.003274327,0.002437137,0.001650855,0.001139466,0.000847575,0.000668377,0.000491,0.000626471,0.001028794,0.000995382,0.0008173,0.000757429,0.001385275,0.001059209,0.000439676,0.000206373,0.000539801,0.000497848,0.004625516,0.039909283,0.122335745,0.037924787,0.065850876,0.170371989,0.119656638,0.079862429,0.06470163,0.024434895,0.002172071,0.012735063,0.011568224,0.008683735,0.006829533,0.004705833,0.003059122,0.002035113,0.001516245,0.001069887,0.000948619,0.001066081,0.001787967,0.001758726,0.001528215,0.001030944,0.001742053,0.00136873,0.000858474,0.000568148,0.842198089,1,0.563821449,0.36827349,0.293161373,0.115615834,0.011813734,0.05627353,0.05938272,0.040541414,0.031285701,0.023803673,0.01585338,0.011506723,0.007710269,0.006045606,0.004588291,0.003694115,0.003043855,0.002579473,0.002087201,0.003551155,0.005002734,0.004393696,0.002289835,0.001715709,5.68E-05,5.70E-05,9.41E-05,6.44E-05,2.09E-05,2.52E-05,2.41E-05,2.27E-05,4.17E-05,5.51E-05,1.12E-05,2.54E-05,-1.32E-05,1.32E-05,7.07E-05,1.62E-05,7.75E-05,4.78E-05,9.94E-06
BUV615,0.078084487,0.073875643,0.029488593,0.013365447,0.011397763,0.006951337,0.004455216,0.002709218,0.000859614,0.013985275,0.124690499,0.41143371,0.740482404,0.73989966,0.248672834,0.038159166,0.210379899,0.226991664,0.18673128,0.168623843,0.121174181,0.083440554,0.059972021,0.043878036,0.032148319,0.024120093,0.019972436,0.015181179,0.011047607,0.005767456,0.003774085,0.004853272,0.007957197,0.013203728,0.014883562,0.040241086,0.032622372,0.01410568,0.007457799,0.007666861,0.005436482,0.003565808,0.002048017,0.00050723,0.005078834,0.048340164,0.178735734,0.348904188,0.358215356,0.161632753,0.019525835,0.109202405,0.11144823,0.107194222,0.087759729,0.057509158,0.041322752,0.028639328,0.022701713,0.01821308,0.014726384,0.011159486,0.009100603,0.00641821,0.004954982,0.003974396,0.003725768,0.004824786,0.006761289,0.007329143,0.000970454,0.000682133,0.000335303,0.001233994,-7.54E-05,0.000504055,0.000687031,0.000219627,0.000104066,0.002346318,0.018018229,0.067937002,0.134626602,0.183816366,0.062808782,0.008830802,0.047729143,0.047241129,0.040122739,0.031153233,0.023151141,0.015478451,0.010824396,0.007784262,0.006131953,0.004778528,0.003440967,0.002577128,0.001978775,0.001259268,0.000850604,0.000974216,0.001427722,0.002210304,0.002646477,-3.70E-05,-2.85E-05,-6.02E-06,-2.40E-05,-7.26E-06,5.79E-06,0.000467157,0.004189168,0.014812224,0.027233846,0.031729159,0.012643245,0.001066025,0.007314896,0.007742649,0.00705728,0.005869833,0.004102876,0.002644239,0.001734893,0.001317778,0.000982868,0.000809958,0.000553702,0.000378937,0.000220282,7.43E-05,9.61E-05,7.72E-05,8.39E-05,7.27E-05,0.000117374,0.040723161,0.159117873,0.472048152,0.88030749,1,0.416646397,0.043986535,0.219601458,0.271368896,0.225573562,0.185271667,0.139113094,0.091787597,0.068375727,0.047858845,0.04020361,0.031498154,0.024477629,0.018674377,0.013761786,0.009397023,0.006463509,0.005324229,0.005594164,0.00622283,0.007531488,0.002011678,0.002529628,0.002438247,0.001898757,0.001316051,0.000859115,0.000685242,0.000466125,0.000387424,0.000295796,0.000157027,0.000129102,8.10E-05,0.000106008,7.64E-05,3.04E-05,2.70E-05,4.46E-06,9.35E-06
BUV661,0.119701594,0.114282413,0.04656193,0.021300888,0.017814412,0.01125408,0.007248739,0.003694062,0.000590986,0.001255514,0.003193009,0.005673795,0.018415171,0.057367606,0.043024587,0.109800096,0.811272998,1,0.728337654,0.579414061,0.429335483,0.341805052,0.290734489,0.224037472,0.154436755,0.101260572,0.074418366,0.053828572,0.042800773,0.026375353,0.019115518,0.013664876,0.008191664,0.003867881,0.002621586,0.065289548,0.054366513,0.023756359,0.012086714,0.012596281,0.008902384,0.005860183,0.003277884,0.000591791,0.000539861,0.001523439,0.002872759,0.009689424,0.029744543,0.029667221,0.053020045,0.457228561,0.553695872,0.476457574,0.339628201,0.224785019,0.188408474,0.153202806,0.129474294,0.096990901,0.070541177,0.047922113,0.03807607,0.027651311,0.022896632,0.018099667,0.015421944,0.010375059,0.007919603,0.005105104,0.001594467,0.000355541,0.000418401,-0.000249524,0.000175314,0.000672245,0.001192428,0.000786479,2.75E-05,0.000416335,0.000334276,0.000987658,0.00330043,0.014189775,0.010900658,0.027160512,0.196217956,0.223800702,0.167968089,0.114095229,0.085663584,0.067361867,0.057315637,0.044079078,0.031358393,0.021993464,0.015067699,0.010922894,0.007795479,0.005958504,0.004470143,0.003368259,0.002431663,0.001407045,0.000587891,0.000115754,2.47E-05,-1.94E-06,8.10E-05,2.66E-05,5.14E-06,9.78E-05,-4.70E-05,0.000295508,0.000421983,0.001504369,0.001305394,0.001610461,0.016375573,0.020501694,0.016856965,0.012333942,0.008660635,0.006469262,0.005200055,0.004251889,0.003115175,0.002097201,0.001380876,0.000912893,0.000644937,0.000233412,0.000260117,0.000160731,0.000131341,6.71E-05,7.20E-05,0.000488757,0.001161726,0.002512632,0.009858777,0.033303223,0.029330549,0.044196452,0.33088628,0.475822302,0.356730995,0.253918034,0.194287928,0.148560855,0.128691184,0.094851723,0.07462973,0.052252101,0.03619523,0.026705648,0.020444651,0.014674479,0.010921478,0.008331497,0.006036381,0.003439508,0.00253043,0.791017391,0.911613679,0.763486429,0.495702382,0.362608684,0.27893087,0.249638031,0.198297817,0.15742395,0.109092712,0.080466959,0.058074114,0.04398272,0.03487563,0.029039225,0.023472417,0.017127269,0.012317327,0.009586095
BUV737,0.248995732,0.236798414,0.094016014,0.040501534,0.034183762,0.020221126,0.013090621,0.007333151,0.000741306,0.001380116,0.002279332,0.002168576,0.001568986,0.000909888,0.000635633,-0.000103334,0.001748635,0.00319244,0.009825377,0.035194306,0.10547833,0.288072967,0.668039217,1,0.98804001,0.708346109,0.494098527,0.336205983,0.269726559,0.185080614,0.152951323,0.125739239,0.095628546,0.062450784,0.031983541,0.138807733,0.114188353,0.049753201,0.02432533,0.026643752,0.018375689,0.011632809,0.006383068,0.001010826,0.000537462,0.001718278,0.001340937,0.001020449,0.000637823,0.000331491,5.99E-06,0.000689903,0.001789183,0.005868054,0.019696835,0.053851071,0.153055501,0.347813821,0.599500913,0.669577359,0.53877621,0.352559839,0.260646846,0.188669732,0.167204408,0.150339958,0.141343397,0.102013515,0.080587113,0.04799507,0.003640279,0.003000612,0.000902532,0.002707846,0.001991485,0.002358719,0.001870868,0.001116405,0.000262185,0.000330745,0.001035911,0.000680111,0.001659009,0.000773912,0.000497108,4.52E-05,0.000196728,0.001102058,0.002131093,0.005689851,0.018040639,0.051271225,0.121641712,0.191507421,0.197358024,0.154547938,0.098850692,0.067354117,0.050879031,0.041302196,0.035623867,0.032448214,0.025455133,0.017493142,0.008637366,-3.08E-05,-0.000164116,-5.74E-05,-1.10E-05,5.31E-05,-2.10E-05,-0.000147776,-5.42E-05,-1.43E-05,0.000108681,0.000101346,0.000129432,6.45E-05,0.000133106,0.00043469,0.001139814,0.00397689,0.013931855,0.041464546,0.098235829,0.16804282,0.192040855,0.152953438,0.103143866,0.06944193,0.05209345,0.038817988,0.03571454,0.029556003,0.025975001,0.01925707,0.012476156,-3.19E-05,0.000170856,0.000431153,-7.51E-05,0.00014174,5.82E-05,1.67E-05,-6.12E-05,0.000190279,0.001104168,0.004002559,0.007438889,0.018961925,0.042944496,0.062937083,0.071765531,0.055701912,0.03649586,0.025684046,0.019038541,0.01413785,0.011783984,0.009394109,0.007243943,0.004086988,0.001638296,0.001106821,0.001040806,0.00356966,0.010963232,0.033058898,0.086851657,0.211231251,0.34066732,0.396864025,0.311003452,0.221053345,0.148406811,0.110331479,0.093820418,0.087531561,0.080306533,0.062730157,0.045539054,0.034530153
BUV805,1,0.954669496,0.383381889,0.163229647,0.137105768,0.087993249,0.058229954,0.029066898,0.003557088,0.005975603,0.015571944,0.01279459,0.006682457,0.005237326,0.002021391,0.000273624,0.004877306,0.005432395,0.002056839,0.004491014,0.004671172,0.004354692,0.006290542,0.008905795,0.016399306,0.028489192,0.078569916,0.234378825,0.588236362,0.837836675,0.962390821,0.795077639,0.49217073,0.273624445,0.126319588,0.536992051,0.444577928,0.192117769,0.096499112,0.10409801,0.072408787,0.047254996,0.025933096,0.004048115,0.003281576,0.010368134,0.008821545,0.006836177,0.005031541,0.002041862,0.000216643,0.002776454,0.002943057,0.003229371,0.002439514,0.00229367,0.002789972,0.003600568,0.006021658,0.010489187,0.021338702,0.051982383,0.152799527,0.356212794,0.69448028,0.940190827,0.890705314,0.541301526,0.33613144,0.167606101,0.013352227,0.006824034,0.00396034,0.00617318,0.00299164,0.006228505,-0.000200181,0.000801212,0.000673387,0.000823601,0.001098908,-9.39E-05,0.000627593,0.001492642,-0.000555013,-0.00037428,0.001301029,0.001218654,0.000954086,0.000698421,0.000502255,0.000415286,0.00101007,0.001118474,0.00191578,0.003167383,0.008549887,0.023204875,0.058508369,0.107364975,0.129157359,0.119861965,0.076198522,0.039657292,0.016166976,-0.000231452,0.000437644,-0.000100872,0.00015346,-2.07E-05,-2.65E-06,0.001030439,0.001666016,0.00191332,0.001142734,0.001425503,0.000510046,7.44E-05,0.000523853,0.000451908,0.000678941,0.000350058,0.000379393,9.72E-05,9.25E-05,0.000242167,0.000223003,0.000296282,0.000881879,0.00199589,0.00495805,0.007175897,0.012612597,0.011404818,0.006330575,0.002234443,0.001340831,0.00016928,0.003963087,0.002985031,0.003976558,0.002293027,0.001213177,0.000109219,0.002095211,0.00244357,0.003341144,0.000140652,0.000757925,0.003740198,0.001490851,0.001390054,0.00174275,0.002074272,0.002125978,0.007402056,0.018911079,0.033762141,0.04536678,0.040008781,0.023128996,0.006910773,0.001761504,0.003314633,0.005148413,0.004084761,0.003170124,0.002696512,0.002889716,0.003268615,0.003641248,0.005064168,0.007268956,0.015927363,0.042864846,0.101228713,0.191121093,0.260565726,0.249584606,0.167626741,0.095566124,0.061805048
BV421,1.67E-05,0.048676418,0.019203136,0.007025046,0.006116021,0.004106919,0.002396052,0.001150117,0.000122868,0.000180063,0.000411406,0.000252638,0.000163163,0.000104942,1.10E-05,-4.12E-06,4.29E-05,2.68E-05,2.34E-05,-6.04E-06,1.11E-05,-1.29E-05,2.28E-05,9.42E-05,0.000169036,0.000131496,8.02E-05,2.70E-05,9.22E-06,-4.87E-07,-2.37E-06,-5.01E-07,1.81E-06,-1.00E-06,-1.62E-06,-7.78E-05,0.040196486,0.017140462,0.007231991,0.00772294,0.005964755,0.003620955,0.001770049,0.000286904,0.000174443,0.000459545,0.000299272,0.000194233,0.000112821,4.64E-05,5.96E-06,2.69E-05,3.07E-05,1.64E-05,1.71E-05,1.12E-05,1.22E-05,2.39E-05,8.30E-05,0.000160325,0.000162812,0.000112334,7.63E-05,3.41E-05,1.17E-05,2.31E-06,8.86E-06,4.35E-06,3.85E-06,-1.30E-07,1,0.708050447,0.215271975,0.138209764,0.120108924,0.086845729,0.055605429,0.026889275,0.003585804,0.003594276,0.006829593,0.00443913,0.003045341,0.002628249,0.000806953,0.000122223,0.000577116,0.000537014,0.000412665,0.000299692,0.000233049,0.000180213,0.000466276,0.001602127,0.003222849,0.003072698,0.002268086,0.001389601,0.000702136,0.000256174,0.000146333,0.000190852,0.000157958,7.36E-05,2.56E-05,-4.14E-06,3.78E-06,8.47E-06,4.38E-06,2.15E-06,3.89E-06,5.42E-06,1.49E-05,2.48E-06,-8.18E-06,-3.30E-06,-1.56E-07,-1.43E-06,-4.70E-06,1.25E-06,2.38E-06,1.10E-06,-7.68E-09,-4.44E-07,-9.22E-07,-1.62E-06,3.45E-07,-6.29E-07,3.14E-08,-7.24E-07,7.53E-07,-2.96E-06,-1.50E-06,-1.68E-06,-5.63E-07,-2.12E-06,-1.21E-06,2.86E-05,-5.17E-07,-1.58E-05,1.79E-05,-1.03E-06,-3.87E-06,3.58E-06,-1.79E-06,8.88E-06,-1.34E-06,7.17E-06,-2.11E-05,3.08E-05,-1.10E-05,1.37E-06,1.12E-06,-5.80E-06,1.70E-06,2.80E-06,2.38E-06,1.34E-06,4.93E-07,8.92E-07,5.87E-07,1.92E-07,-6.26E-07,-1.60E-06,-1.02E-05,-1.40E-07,-8.17E-06,3.79E-06,2.54E-06,6.00E-06,4.14E-06,2.98E-06,2.60E-06,3.52E-06,1.13E-06,2.93E-06,1.31E-06,2.59E-06,-3.31E-06,-5.24E-06,-3.49E-06,2.02E-06
Pacific Blue,-0.000497288,0.003584623,0.007336901,0.004266928,0.003651237,0.002446899,0.001413048,0.000947407,0.000163807,9.61E-06,3.70E-05,0.000182071,7.61E-05,9.01E-05,-2.44E-05,-1.75E-05,0.000224811,2.74E-05,-7.26E-05,0.000194943,-0.000144817,7.58E-05,8.34E-05,0.000110403,0.000194899,0.000112523,1.08E-05,1.65E-05,3.75E-05,-7.59E-06,3.64E-06,-7.60E-07,1.46E-05,7.38E-06,7.42E-06,-0.000543748,0.006341054,0.012994054,0.009065284,0.009834111,0.006840668,0.004417537,0.002337119,0.00040657,0.000208309,0.000643268,0.000387289,0.000293859,0.000170436,4.64E-05,-7.18E-07,6.47E-05,5.44E-05,2.72E-05,2.25E-05,3.53E-07,5.34E-06,3.44E-05,7.48E-05,0.000198306,0.000166137,9.51E-05,5.81E-05,3.15E-05,-3.58E-07,4.15E-05,9.15E-06,1.55E-05,-2.09E-05,9.92E-08,0.342884086,1,0.592021928,0.499852853,0.41327357,0.27471116,0.188280029,0.100380442,0.012823202,0.011931095,0.023992994,0.01688892,0.011316817,0.009297416,0.002825458,0.000428086,0.00216572,0.001735904,0.001174888,0.000839638,0.00063581,0.000632372,0.001416877,0.004929996,0.010052135,0.009307161,0.006450053,0.004394126,0.002168193,0.000730315,0.00028654,0.000510786,0.000370337,9.86E-05,2.70E-05,-9.59E-05,1.06E-05,-4.97E-05,-5.02E-05,-6.11E-05,-2.80E-05,-7.89E-06,-0.000132262,-9.53E-06,-3.36E-06,-1.95E-05,-2.18E-05,-3.80E-06,-9.07E-06,-2.08E-05,-1.40E-05,1.02E-05,-3.92E-06,-1.68E-05,4.93E-06,-2.50E-06,-3.63E-06,-5.41E-06,7.93E-06,-1.09E-05,-6.94E-06,6.26E-07,-5.45E-07,4.36E-06,-4.01E-06,-3.75E-06,2.00E-06,0.000273212,5.64E-05,2.12E-05,0.000116595,3.53E-05,6.32E-06,-1.35E-06,-3.87E-05,-3.35E-05,-5.28E-05,-8.11E-05,-8.77E-05,0.000119954,4.06E-05,3.20E-05,1.64E-05,-1.27E-05,-2.37E-06,1.07E-05,6.58E-06,-6.79E-07,-3.80E-06,-8.50E-06,-2.03E-06,2.31E-06,-5.50E-07,-2.06E-05,-1.77E-05,1.66E-05,-1.22E-05,1.29E-06,2.50E-05,2.30E-05,3.58E-05,-2.71E-05,2.63E-05,7.88E-06,-4.62E-06,-3.51E-06,-1.40E-05,-7.23E-05,-3.74E-05,8.94E-05,3.11E-05,-9.43E-06
BV480,0.000174285,-4.43E-05,0.018756301,0.077184597,0.085582277,0.061368691,0.040426332,0.02496723,0.002897944,0.00450153,0.010752126,0.008443393,0.004787125,0.003563439,0.001069218,0.000102062,0.001388601,0.00070141,0.0005073,0.000649298,0.000456058,0.000259193,0.000374902,0.001237077,0.002135517,0.002227146,0.001284694,0.000643475,0.000172603,1.79E-05,-1.66E-05,-4.49E-07,-1.31E-05,1.16E-05,-6.14E-07,-0.000810331,-1.09E-05,0.007422421,0.034860543,0.045041744,0.038581106,0.025979975,0.016012833,0.0029632,0.001836703,0.005592362,0.004200206,0.002948219,0.001917198,0.00069477,9.14E-05,0.000484885,0.000501374,0.000406473,0.000326372,0.000174365,0.000157306,0.000247558,0.000481094,0.000997359,0.000881672,0.000775522,0.000511595,0.000245226,9.28E-05,7.67E-05,7.71E-05,0.000104357,5.91E-06,4.51E-05,0.044753827,0.0834804,0.440932506,0.994376218,1,0.791528968,0.568147803,0.352044616,0.050783513,0.055212898,0.112111822,0.084399617,0.062532883,0.054462723,0.016750054,0.002461587,0.013301525,0.011596314,0.007992395,0.006060943,0.004382952,0.003236145,0.004147376,0.011735184,0.024405774,0.026114192,0.019896091,0.01435239,0.00788284,0.003238256,0.00144289,0.002498783,0.002242678,0.001066356,0.000402187,0.013547456,0.012668198,0.012245832,0.008940904,0.005429031,0.001030842,0.00087312,0.00230974,0.001643187,0.001217564,0.000897665,0.000351684,4.75E-05,0.000277445,0.000193423,0.000105295,9.25E-05,9.48E-05,0.00010815,2.27E-05,8.28E-05,0.000144798,0.000236937,0.000182619,0.000112511,3.68E-05,1.57E-05,-3.76E-06,2.90E-05,1.18E-05,2.79E-05,8.45E-06,0.000287003,0.000609434,5.39E-05,0.00021525,0.000186288,0.000101577,2.13E-05,2.79E-05,2.65E-05,-0.000251978,-9.61E-05,-0.000287258,-3.30E-05,-0.000177796,3.38E-05,-0.000105463,-3.91E-06,-2.82E-05,-7.74E-06,-1.76E-06,1.13E-06,-7.07E-06,-3.59E-06,-1.33E-05,-8.46E-06,3.53E-06,3.73E-05,-6.31E-05,-7.25E-05,-3.19E-05,-5.86E-05,6.98E-05,5.11E-06,8.98E-06,-1.83E-05,1.50E-06,-2.77E-05,1.20E-05,-3.01E-05,0.000142138,8.14E-06,0.000199057,7.26E-05,4.00E-05,4.33E-06
Spark Violet 538,-0.003137112,-1.52E-05,0.000404206,0.014642716,0.021730315,0.024241871,0.027380102,0.022189446,0.003540298,0.008000015,0.020881561,0.017177417,0.014000259,0.01022855,0.003076785,0.000468784,0.003448507,0.002904919,0.002540059,0.00216687,0.001624511,0.001517554,0.000952584,0.000664493,0.000944364,0.001094434,0.000549232,0.000341599,0.000148351,-2.17E-05,2.78E-05,2.42E-07,2.20E-05,3.18E-06,1.71E-05,-0.001258714,-0.00045825,0.000194348,0.01719489,0.028206201,0.039855057,0.045918861,0.038707862,0.007985879,0.009481622,0.02980598,0.026268648,0.019851294,0.014168909,0.00618118,0.000842061,0.005520435,0.005256029,0.004323126,0.003242643,0.002165438,0.001611402,0.001293637,0.001188321,0.001290948,0.001310796,0.001259333,0.001215421,0.000805757,0.000442737,0.00031534,0.000440939,0.000393298,0.000228465,0.000240995,0.00123353,0.00270418,0.021629044,0.462398993,0.616350959,0.812376409,1,0.81807988,0.130865453,0.253913933,0.583149271,0.503667838,0.40966892,0.401546994,0.132547498,0.025065629,0.132632536,0.119174681,0.088629297,0.065171006,0.049938561,0.036543509,0.028806306,0.026583921,0.029770764,0.033151824,0.033480123,0.0318385,0.021392436,0.01141682,0.008857695,0.015136761,0.014644842,0.011133993,0.008060799,0.000562973,0.000513415,0.00091102,0.001156496,0.000983852,0.000217519,0.000190869,0.000862994,0.000690267,0.000546209,0.000520174,0.000200449,7.52E-06,0.00013088,0.000168876,7.92E-05,4.19E-05,5.00E-05,1.66E-05,-7.13E-06,1.26E-05,5.75E-05,6.72E-06,1.61E-05,3.45E-05,-8.60E-06,-3.03E-05,-1.97E-05,2.21E-05,-1.93E-05,5.07E-06,-1.81E-06,0.000246438,0.000268563,0.000136948,3.56E-05,0.000117825,-9.84E-05,1.85E-05,0.000169264,0.00017302,-0.00017617,9.20E-05,0.000217664,0.000389658,5.50E-05,2.96E-05,-0.00010315,-4.92E-05,-1.84E-05,5.09E-06,-4.49E-06,-1.03E-05,-5.70E-06,-3.79E-05,-8.60E-06,1.02E-07,-1.59E-05,-6.67E-06,0.000183114,0.00021438,-9.99E-05,7.77E-05,6.96E-06,-3.18E-06,5.06E-05,-5.81E-05,7.96E-05,-9.08E-07,5.00E-06,-3.30E-05,2.82E-05,4.66E-05,-1.50E-05,8.91E-05,0.000116844,-1.25E-05
BV570,-0.001297295,0.008495625,0.003503682,0.000793544,0.001754348,0.00061065,0.002161198,0.00683622,0.0025317,0.038490137,0.092349775,0.060505198,0.045857297,0.038717588,0.01279495,0.001609381,0.010581056,0.010808696,0.007722068,0.006491576,0.004698409,0.002919352,0.002148516,0.001466737,0.000975952,0.00081522,0.000590843,0.000267846,6.73E-05,8.92E-05,0.000120784,0.000159658,0.000147942,1.65E-05,5.95E-05,-0.000728029,0.005384171,0.002341433,0.001141325,0.001174102,0.000872132,0.001416997,0.004895159,0.002307497,0.02241903,0.063485395,0.042935327,0.031556412,0.026222165,0.012059393,0.001514117,0.008281307,0.007632283,0.006564523,0.005251747,0.003287058,0.002493635,0.001725198,0.001450021,0.001150115,0.000841755,0.000641062,0.000530076,0.000456365,0.000367113,0.000648249,0.000972717,0.000939345,0.000484993,0.000348886,0.361050548,0.19276897,0.057774167,0.040520828,0.03594074,0.028387353,0.037601811,0.111056278,0.037814013,0.494308745,1,0.680927224,0.547882382,0.624938807,0.218715192,0.031775899,0.164345489,0.147279041,0.113221294,0.084648117,0.063557935,0.043641896,0.03253672,0.023765389,0.018575874,0.014526912,0.010640425,0.009644415,0.007395411,0.008162947,0.014242147,0.02579038,0.022150879,0.015570183,0.012245251,3.72E-06,4.97E-05,0.000134921,0.000877016,0.004981457,0.002349869,0.022573663,0.060593707,0.042296568,0.030469227,0.029424032,0.011914622,0.001031077,0.006744831,0.006758508,0.005297038,0.00442407,0.002988304,0.001919117,0.001290643,0.000917614,0.000727444,0.000502072,0.000368367,0.000246734,0.000191149,0.000101145,0.00024592,0.000344134,0.000272267,0.000136533,0.00012191,0.523429572,0.638242144,0.366795089,0.265721542,0.247004485,0.103453222,0.010692312,0.054555169,0.061179059,0.046646214,0.036028234,0.027295961,0.01806351,0.013486362,0.009463419,0.007699406,0.005662398,0.004231535,0.003306804,0.00220483,0.001740816,0.002014517,0.002570449,0.002037822,0.000326309,0.000298635,0.000113313,-8.82E-05,-4.26E-05,9.77E-05,2.98E-06,1.03E-05,-3.52E-05,2.32E-05,-9.03E-05,-1.87E-05,2.76E-05,4.46E-05,-9.30E-06,1.67E-05,-2.29E-05,-0.000145236,4.09E-05,-5.63E-06,2.90E-05
BV605,-0.000408571,0.00269466,0.001058302,0.000246905,0.000173372,0.000148667,0.000180683,0.000334339,0.000134974,0.004036694,0.036183812,0.094117671,0.106032038,0.070655498,0.020470077,0.005500735,0.034414055,0.03657751,0.025021387,0.019985635,0.014312181,0.011597734,0.009876818,0.007708136,0.005708725,0.003564891,0.002643579,0.001991408,0.00121238,0.000300503,0.000152836,0.00021431,0.000646218,0.000735646,0.000719127,-0.000190727,0.001847853,0.0008075,0.000352663,0.000369258,0.000267306,0.000198967,0.000157077,9.48E-05,0.002192409,0.0211742,0.063367173,0.079330645,0.052789888,0.020303847,0.00402103,0.02674394,0.027564046,0.02224775,0.015722238,0.010369113,0.008548511,0.007040622,0.00610216,0.004818842,0.003629207,0.002603686,0.002158016,0.001563097,0.001290086,0.001146538,0.001245328,0.001523659,0.001799459,0.001460515,0.116423748,0.062365113,0.018807639,0.013643645,0.012007453,0.010075961,0.007618702,0.005279952,0.001913549,0.043257278,0.316421561,0.84340538,1,0.890876537,0.270342262,0.0697864,0.402935885,0.39323498,0.279081365,0.190146934,0.143998103,0.112903127,0.09623378,0.076891891,0.057332682,0.042672186,0.030176937,0.02289784,0.017903589,0.014509423,0.012897919,0.017026685,0.023668119,0.026408023,0.022770325,2.47E-05,3.55E-05,1.34E-05,4.12E-05,3.93E-05,2.45E-05,0.00101946,0.009568933,0.028735726,0.033597934,0.025294268,0.008672284,0.001282826,0.009841842,0.010440307,0.00797144,0.0058225,0.004126619,0.003060169,0.002467079,0.002032924,0.001600956,0.001231339,0.00086689,0.000643291,0.000469153,0.000237849,0.000252308,0.000247628,0.000258233,0.000278316,0.000261586,0.035817285,0.144183926,0.342677385,0.407576308,0.300466662,0.106029982,0.018679576,0.109061451,0.134580643,0.094620412,0.067432101,0.050953007,0.038828315,0.034126191,0.026374981,0.021769663,0.016144795,0.011929989,0.009010163,0.006966564,0.005175132,0.004088989,0.003762998,0.003970462,0.003547368,0.003418565,0.000362512,0.00054048,0.000399747,0.00027713,0.000200559,0.00013881,0.000119102,0.00010711,0.000108049,7.24E-05,4.70E-05,2.73E-05,1.94E-05,3.20E-06,1.44E-06,3.35E-05,-1.57E-06,5.97E-05,3.22E-07
BV650,-0.000547211,0.003921848,0.001634009,0.000737255,0.000705169,0.000307828,5.76E-05,6.42E-05,-3.29E-05,8.08E-05,0.000454492,0.001695869,0.005541404,0.015966234,0.010766349,0.008983003,0.057062407,0.0576223,0.040498398,0.034618925,0.026962367,0.020941539,0.015910339,0.01195276,0.00780022,0.005246323,0.003580401,0.002391681,0.000917302,0.000220082,0.000133731,5.72E-05,3.46E-05,1.90E-05,2.94E-05,-0.000332842,0.002919877,0.001281666,0.000349263,0.000588996,0.000452216,0.000244448,0.000115975,1.77E-05,5.81E-05,0.00037389,0.001329539,0.004745475,0.014024654,0.01301232,0.008108222,0.059203731,0.057644697,0.047130363,0.036254886,0.025433266,0.020825198,0.015694811,0.012597391,0.009316982,0.006882229,0.004915997,0.003890227,0.002843715,0.002291952,0.001873432,0.001378208,0.000896083,0.000674139,0.000570428,0.176068475,0.094834144,0.028543816,0.019177401,0.016042323,0.012200439,0.008225387,0.005147843,0.001253995,0.002491586,0.008069172,0.026286092,0.092818151,0.34580316,0.225718874,0.170670517,1,0.930948741,0.677119839,0.502204643,0.400910178,0.306325914,0.239604152,0.177303441,0.125223925,0.091442782,0.064348055,0.048349362,0.036785247,0.027841061,0.021370475,0.017018531,0.012965966,0.009962527,0.008789346,-5.91E-06,2.04E-06,-2.06E-05,1.66E-05,6.83E-05,2.93E-05,0.000101467,7.99E-05,0.000309778,0.000551849,0.001575155,0.001209905,0.000488151,0.004379685,0.00445806,0.003496396,0.002705997,0.002047191,0.001519243,0.001094819,0.000847996,0.000618558,0.000405384,0.00026932,0.00017181,0.000118103,4.00E-05,4.49E-05,3.09E-05,1.82E-05,1.19E-05,1.62E-05,0.000295222,0.001159767,0.003040825,0.010196565,0.031093063,0.025572798,0.01336171,0.086394476,0.101279147,0.072513735,0.056254003,0.044744153,0.033852432,0.027162563,0.019633486,0.014864795,0.010864998,0.007601489,0.005760902,0.004402976,0.003093784,0.002187706,0.001588973,0.000746731,0.000148875,0.000149009,0.071107692,0.077630428,0.06280645,0.043450412,0.034133645,0.025466957,0.021263408,0.016270437,0.012660661,0.008916757,0.00664699,0.005081212,0.003670735,0.002856012,0.002457409,0.00177602,0.001468207,0.001007021,0.000610609
BV711,-0.000598737,0.005071666,0.002114559,0.000836378,0.000729994,0.00059409,0.000428629,0.000229255,-3.24E-05,-1.93E-05,-7.07E-05,1.46E-05,0.000105104,-4.65E-06,6.27E-05,-2.81E-05,0.000255579,0.001165617,0.004579832,0.017046812,0.039082627,0.060475681,0.065364869,0.049479754,0.032331849,0.020614975,0.017114411,0.013695771,0.012510183,0.007725387,0.004804236,0.00276274,0.000567641,0.00012688,8.64E-05,-0.000409077,0.003888327,0.001682075,0.000689786,0.000649926,0.000571564,0.000344538,0.000218593,3.54E-06,1.61E-05,6.06E-05,6.60E-05,4.56E-05,5.99E-05,4.11E-05,3.17E-06,0.000336029,0.001272971,0.005466346,0.018744821,0.041800075,0.070698244,0.076564239,0.065305343,0.04593431,0.033047191,0.024736934,0.022905684,0.0189775,0.016972263,0.013253947,0.010662505,0.006742669,0.004827802,0.002883027,0.247283147,0.131279598,0.039301866,0.025368546,0.023346429,0.016694259,0.010616297,0.005596251,0.000704754,0.000865024,0.00173717,0.001579221,0.001262942,0.00200849,0.00181123,0.001773735,0.007641395,0.0247068,0.088638044,0.275526674,0.642772264,0.945517985,1,0.76262945,0.511970755,0.366871725,0.277626658,0.23673343,0.203213983,0.167638809,0.12709619,0.098809661,0.067879604,0.044525969,0.025891614,-4.90E-05,-1.19E-05,-1.23E-05,-7.66E-06,-2.28E-05,-2.73E-05,9.04E-07,0.000100295,-5.05E-06,3.91E-05,3.11E-05,3.20E-05,2.36E-05,0.000141331,0.000520153,0.002271623,0.008416651,0.020947289,0.033676616,0.036430929,0.030325825,0.021531572,0.015232744,0.011717006,0.00981857,0.008579461,0.006328481,0.005228131,0.003680356,0.002683209,0.001775736,0.001032079,0.000131456,0.000503149,0.000306777,0.000264317,0.000332643,8.46E-05,2.81E-06,0.000224571,0.000918388,0.002997348,0.009787093,0.023504177,0.035640978,0.039863638,0.029929123,0.021703468,0.015189005,0.011568536,0.009828475,0.008568813,0.006721915,0.004814545,0.003428382,0.00224955,0.001096105,0.000517158,0.001669963,0.003619814,0.013534313,0.041767236,0.102913177,0.162349654,0.192333197,0.155623752,0.115122751,0.079614286,0.064869702,0.05412055,0.046794734,0.040118898,0.032951642,0.025371366,0.017655395,0.011849012,0.009299115
BV750,-0.000198838,0.006107309,0.002569881,0.000875273,0.00051415,0.000619266,0.000332555,0.000184916,0.000121464,3.39E-05,0.000255238,0.000107123,0.000252397,-3.53E-05,5.77E-05,-9.93E-06,-2.24E-05,1.30E-05,5.97E-05,0.000367527,0.000844081,0.002815874,0.009973313,0.024418992,0.041353279,0.048510984,0.047103646,0.03509728,0.026453897,0.014625571,0.010294398,0.007341197,0.005199688,0.00132228,0.000767222,-0.000402908,0.004279538,0.001873302,0.000684595,0.000900251,0.000701462,0.00044017,0.00027803,3.27E-05,4.34E-05,0.000111998,0.000109546,7.21E-05,7.03E-05,8.31E-06,-5.32E-06,4.76E-05,5.92E-05,0.000123731,0.000250002,0.000822999,0.003066958,0.009955322,0.027204229,0.05180404,0.070560879,0.066100477,0.055767419,0.037690817,0.02932767,0.022511475,0.019923426,0.014793991,0.012480072,0.00844598,0.265251112,0.142672416,0.043210284,0.030013847,0.025404624,0.018723202,0.012959576,0.006750267,0.000907486,0.001134537,0.002830834,0.002213688,0.001687232,0.001741428,0.000583938,0.000210232,0.001265769,0.001845217,0.00302072,0.005760889,0.018199337,0.061378223,0.196778011,0.469275892,0.793941429,1,0.880897777,0.673936605,0.476932469,0.347664309,0.263723068,0.229141597,0.185502659,0.14048781,0.090589249,-3.17E-06,4.87E-05,2.09E-06,2.47E-05,2.76E-05,-1.26E-05,-6.19E-05,7.29E-05,8.05E-05,8.42E-05,2.25E-05,-2.96E-06,-3.96E-06,7.37E-06,4.74E-05,5.76E-05,0.000117035,0.000327841,0.001186339,0.003813728,0.010220073,0.019713133,0.026568458,0.025512058,0.019856423,0.014288132,0.008728364,0.007198963,0.005583195,0.004943487,0.003921354,0.003109927,1.20E-05,0.000204053,-2.75E-05,5.26E-05,0.000126224,8.28E-05,-2.32E-05,6.03E-05,3.63E-05,0.000120872,5.08E-05,0.00025031,0.000749367,0.001792728,0.004244201,0.008580797,0.011119237,0.01030656,0.008126764,0.005737098,0.003718096,0.002571226,0.001937382,0.001168689,0.000403056,0.000337306,0.000180803,6.61E-05,9.42E-05,0.000225744,0.000604171,0.002040124,0.007033651,0.017863979,0.035002115,0.046186341,0.046748256,0.03594837,0.025190158,0.018538261,0.014762375,0.012992726,0.010044648,0.008024592,0.007088067
BV785,-0.001904564,0.008800792,0.003580062,0.000657778,0.000886202,0.001193749,0.000560696,0.000507415,3.78E-05,0.000162895,0.000269297,0.000174717,0.000297577,9.32E-05,-0.000125718,-2.92E-05,-5.38E-05,0.000205964,7.93E-05,0.000312535,-5.21E-05,0.000369601,0.000841785,0.002562329,0.006958881,0.014631344,0.028446181,0.040158709,0.049608703,0.038541933,0.028231741,0.017588859,0.008963627,0.001213569,0.00041253,-0.000793862,0.006852072,0.003007793,0.001194292,0.001566707,0.001331528,0.00088559,0.000450934,7.23E-05,8.03E-05,0.000253627,0.000190015,0.000182116,0.0001207,5.82E-05,-1.10E-05,4.97E-05,7.92E-05,0.000252427,0.000174338,0.000229269,0.000381375,0.00106437,0.003269526,0.00957696,0.022629565,0.040409517,0.065862442,0.075452136,0.078548285,0.065807386,0.051282123,0.030418932,0.020499312,0.011796775,0.419508318,0.224434834,0.067895654,0.045427287,0.041742921,0.031129973,0.020722538,0.01108236,0.001508675,0.001970603,0.004193229,0.003622824,0.003250054,0.003546381,0.001137623,0.000354668,0.002572008,0.003250622,0.00363394,0.003876377,0.005105796,0.008270801,0.022618754,0.064834546,0.167014036,0.370523267,0.624668848,0.88380237,1,0.944373488,0.733638332,0.549067086,0.353142148,0.21565901,0.12299541,1.83E-05,4.32E-05,3.83E-05,9.27E-05,2.41E-05,-2.70E-05,-2.02E-05,0.00016795,0.000116051,0.00012671,0.000108299,1.71E-05,8.54E-06,8.40E-05,2.34E-05,7.99E-05,7.14E-05,3.63E-05,0.000103777,0.000175378,0.000601317,0.001784469,0.004499899,0.008591798,0.012984137,0.015472893,0.013151164,0.01166678,0.008116488,0.005531671,0.003330508,0.002032205,-0.000193305,0.000358957,-3.38E-05,9.97E-05,0.000343876,0.00012839,6.46E-06,0.000169971,0.000217863,0.000217252,0.000567028,-3.39E-05,0.000140883,0.000316756,0.000628374,0.001764678,0.004376799,0.0080206,0.012971817,0.015589981,0.014383426,0.011963702,0.008161891,0.005269263,0.002710568,0.001130076,9.84E-05,8.79E-05,0.000183338,0.000227412,0.000202063,0.000315161,0.000783851,0.002277272,0.006234133,0.013942536,0.027201373,0.040042471,0.047759933,0.048605784,0.043482073,0.032528654,0.021051069,0.013350596,0.009971713
FITC,-0.001372408,-0.000429685,-4.13E-06,0.054419053,0.096099985,0.103396314,0.075893703,0.042534419,0.005503354,0.007272698,0.017823941,0.011452056,0.006983437,0.005230322,0.001374372,0.000244477,0.000945766,0.000919612,0.000678688,0.000676452,0.000302187,0.000232171,0.00040927,0.000934242,0.002719457,0.003159242,0.003215529,0.001947669,0.000388724,3.34E-05,-1.54E-05,-8.28E-06,-3.52E-06,-8.49E-06,-6.94E-06,-0.000771233,-0.00022719,-0.000107735,0.011603002,0.024170592,0.032184454,0.025358859,0.014579468,0.002450794,0.001740174,0.004808364,0.003325602,0.002146078,0.001319522,0.000506329,6.30E-05,0.000350266,0.000321195,0.000243993,0.000180624,0.000110224,7.98E-05,7.33E-05,0.000224458,0.000498435,0.000707946,0.00065006,0.000491199,0.000198898,7.44E-05,3.45E-05,5.39E-05,5.87E-05,3.18E-05,2.48E-05,-0.000805524,-0.000727611,-0.000411265,0.078868617,0.130212867,0.154563046,0.126565919,0.072495698,0.009783023,0.01126387,0.023359807,0.016247272,0.011122302,0.009603006,0.002894252,0.000393863,0.002213961,0.002023297,0.001452892,0.001085474,0.000641615,0.000601208,0.000615,0.001272504,0.003058758,0.004086208,0.003751705,0.00265624,0.001418675,0.000530241,0.000213838,0.000386732,0.000202939,8.20E-05,2.78E-05,0.525781341,0.757560966,1,0.79717351,0.476967898,0.083201057,0.063308864,0.165502853,0.116561268,0.071434936,0.051765488,0.018919595,0.001906803,0.01035046,0.009353826,0.006982211,0.005310095,0.003725352,0.002602937,0.002154571,0.004793467,0.011144844,0.018089758,0.017510655,0.013747743,0.007601728,0.004286125,0.001454606,0.002034581,0.001758733,0.001109235,0.000917919,0.00012538,0.000194306,9.18E-05,-9.79E-06,-4.24E-05,7.11E-05,-2.77E-06,-3.74E-05,6.15E-05,3.56E-05,0.000156725,0.00018988,-1.04E-05,-0.000151812,-1.89E-05,-7.30E-06,-3.79E-05,1.36E-05,-1.23E-05,1.30E-05,-6.64E-06,-7.57E-06,-6.94E-06,-2.62E-06,-1.42E-06,-7.62E-06,-0.000124466,-0.000118959,2.54E-05,2.59E-05,2.18E-05,-1.06E-05,2.11E-05,-2.12E-05,1.35E-05,1.76E-05,2.58E-05,-1.86E-06,-6.59E-06,6.50E-05,-0.000189199,0.000145633,-8.04E-06,-0.000100091,-1.52E-05
Spark Blue 550,-0.001364397,-0.000474266,-0.000172554,0.002799479,0.015015968,0.067863727,0.133318727,0.110546715,0.014733871,0.022448547,0.059345982,0.044217331,0.030227415,0.01960846,0.005905669,0.000998391,0.007189724,0.007439955,0.005386526,0.004466702,0.003025726,0.002601952,0.001913968,0.001193333,0.001592755,0.002263889,0.003637702,0.004057663,0.001479605,0.000165646,5.33E-05,0.000139023,9.12E-05,4.22E-05,-7.28E-06,-0.001584133,-0.00050495,-0.000137873,0.000346819,0.002371261,0.013110331,0.028993229,0.026349259,0.004961512,0.003519963,0.011371281,0.009106242,0.00617943,0.003861401,0.001625846,0.000197794,0.001536913,0.001522541,0.001261085,0.000886429,0.000635131,0.000574524,0.000350127,0.000405153,0.000267053,0.000435089,0.00061554,0.000845397,0.000497855,0.000214136,9.16E-05,0.000188419,0.000155557,7.20E-05,6.22E-05,-0.001509546,-0.0016519,-0.000753483,0.010447158,0.050757141,0.258444341,0.558297501,0.465953188,0.066153724,0.08306804,0.183840563,0.147117586,0.105813934,0.094263558,0.029750662,0.005591169,0.030865384,0.028579539,0.021604575,0.016009719,0.012808795,0.010257964,0.008022528,0.0066253,0.006201127,0.008974596,0.012814231,0.015500413,0.010451532,0.00413291,0.002539777,0.004391322,0.003553537,0.002387272,0.001143482,0.017782695,0.073014722,0.433116907,1,0.925718376,0.170789835,0.142118544,0.41416803,0.343472421,0.225758491,0.168832611,0.063273643,0.007640013,0.049889943,0.048886942,0.039759509,0.031871043,0.024437701,0.018094801,0.013900839,0.01173103,0.010828289,0.013259857,0.018962565,0.022879641,0.016388599,0.009757642,0.004706504,0.005837754,0.005273833,0.003857479,0.003005427,0.01920108,0.026912209,0.017886962,0.012137389,0.009179102,0.003240033,0.000244199,0.002288743,0.002663496,0.002093746,0.001614447,0.001605567,0.001241856,0.000875202,0.00048227,0.000393818,0.00031927,9.08E-05,3.23E-05,2.63E-05,4.97E-05,1.67E-05,2.19E-05,6.63E-06,2.32E-05,1.06E-05,-7.23E-05,-8.34E-05,-6.86E-05,3.41E-05,-0.000173112,-8.07E-05,-1.24E-05,1.14E-05,5.48E-05,-5.58E-06,-2.18E-05,1.27E-05,-6.52E-05,-1.31E-05,-0.000100429,-9.85E-05,8.07E-05,-0.000243054,1.55E-05
Spark Blue 574,-0.002183772,-0.000959246,-0.000776998,0.000361126,0.003950928,0.011987862,0.033627412,0.049663862,0.009872736,0.042595867,0.125529467,0.106355048,0.081495138,0.059049462,0.018178835,0.002791468,0.018415768,0.017849688,0.012599737,0.009266774,0.006595861,0.004293303,0.003820638,0.002188789,0.001690441,0.001597295,0.001619344,0.000964946,0.000527973,0.000173764,0.000208652,0.000166772,0.000312579,0.000154305,0.000116752,-0.003059965,-0.000658715,-0.000199172,-0.000642057,0.00052928,0.003011405,0.010679164,0.018585761,0.005178573,0.012027169,0.039105547,0.035831928,0.028302348,0.019542332,0.008141999,0.001170325,0.006622672,0.006163471,0.004625378,0.003776518,0.002384875,0.001703604,0.001265413,0.001032081,0.000774378,0.000548473,0.000680646,0.00070906,0.000469208,0.000354791,0.000339179,0.000662809,0.000532372,0.000361731,0.000288078,-0.00184634,-0.002699032,-0.001602974,0.001699932,0.003003715,0.012677138,0.042936383,0.06412452,0.012319825,0.046007495,0.113884442,0.101813496,0.082556137,0.07880425,0.025340667,0.003905618,0.023073251,0.020448011,0.014424938,0.009824821,0.007546194,0.004812283,0.003935002,0.002859594,0.002298327,0.001620384,0.002235379,0.002301706,0.001621862,0.001062534,0.000830505,0.001632314,0.001055611,0.000617074,0.000314878,0.006842581,0.014212211,0.074403133,0.258438154,0.463942517,0.125048206,0.313858863,1,0.931541926,0.69180804,0.558990343,0.213029526,0.022866305,0.147898832,0.139270636,0.107110137,0.08242378,0.058376992,0.041177457,0.029536958,0.022915978,0.017535645,0.014580398,0.013409287,0.014370841,0.011751396,0.009025678,0.007399557,0.011903016,0.011200451,0.009077688,0.006920952,0.110707439,0.162566135,0.128067173,0.099667774,0.077587316,0.029135817,0.002970217,0.019541448,0.022166934,0.014820953,0.011480337,0.007823524,0.006573405,0.004161499,0.003401372,0.002214183,0.001488483,0.000708506,0.000472594,0.000275304,0.000123631,0.000131006,5.17E-05,9.10E-05,1.97E-05,4.57E-05,-0.000135767,0.000146262,-8.32E-05,-2.62E-05,-1.54E-05,-2.96E-05,0.000223262,4.20E-05,0.000240347,6.49E-05,4.90E-05,0.000101578,4.03E-05,-0.000138679,-0.000337595,-1.49E-05,0.000156384,0.000166776,2.40E-05
PerCP,-0.004095218,0.000149144,0.000726644,0.002705873,0.002055454,0.003152163,0.002982307,0.001055199,-0.000518057,0.000363543,-0.001211628,-0.000267817,-0.000259782,-0.001558778,0.000282423,0.000601178,0.013547281,0.163319186,0.609452134,0.486512609,0.157559631,0.083797249,0.077596739,0.0858622,0.087858565,0.06246791,0.035437543,0.017346899,0.004981847,0.00108705,0.000516756,0.0005371,0.000301158,0.000138506,3.81E-05,-0.003258958,-0.000983745,-0.000250017,-0.000590625,0.000341305,-7.29E-05,-2.27E-05,-0.000101977,0.000164534,-0.000217886,-0.000393738,1.03E-05,0.000115786,0.000159483,4.24E-05,0.000149679,0.002758016,0.028790931,0.151517605,0.131836012,0.039911657,0.02057698,0.017192616,0.021475539,0.023926958,0.019365851,0.012339619,0.006168661,0.003392677,0.002120525,0.002140156,0.001565729,0.001297628,0.000973497,0.000652182,-0.002467615,-0.003469575,-0.000763135,-0.003057325,-0.002847016,-0.001512601,0.000925346,-0.002234631,0.000798973,-0.000170967,0.000221442,0.000995991,0.000328321,0.002240507,0.000832904,0.001586245,0.025666978,0.275383122,1,0.680578476,0.23016328,0.122140456,0.115022857,0.131393761,0.138725186,0.110300968,0.064788918,0.032404974,0.018013458,0.011484656,0.009180453,0.009190905,0.006982824,0.003516871,0.001072923,-6.70E-05,-0.000295174,-0.000352414,-5.70E-05,-0.000249008,0.000103224,0.000463341,0.000950925,0.001425669,8.79E-05,0.000665878,0.000449527,0.000268516,0.004252277,0.038324647,0.183686071,0.155855126,0.050140355,0.024221503,0.035239472,0.024666997,0.029281505,0.022895886,0.015111347,0.006821012,0.00378565,0.001809911,0.00199904,0.001724529,0.001379378,0.000749774,0.000820423,0.000853163,0.000108502,-0.000832046,9.22E-05,0.000963916,0.000823014,0.000472803,0.011816284,0.155998605,0.655609127,0.55018082,0.181480287,0.089744318,0.084561555,0.092395824,0.109550689,0.086262372,0.053443885,0.02720212,0.014696654,0.007967582,0.004844967,0.002970339,0.001245356,0.00051365,0.000408541,0.006858256,0.036126728,0.173428947,0.134870837,0.043712126,0.020225149,0.018947752,0.02227338,0.02732133,0.021226434,0.014090036,0.006135508,0.002941473,0.002036221,0.002822216,0.00279543,0.002616433,0.00114952,0.000819096
PerCP-eFluor 710,-0.001217251,0.000117622,1.46E-05,0.000280718,0.00056847,0.000352911,8.36E-05,0.000335018,2.60E-05,-2.87E-05,0.000242689,0.000256829,0.000363214,0.000261865,0.000113391,0.000113805,0.001810169,0.015668222,0.060992495,0.091401353,0.147394142,0.220548426,0.232681101,0.169388707,0.107465536,0.065201614,0.052561124,0.044108369,0.041848009,0.029233188,0.022231152,0.015271041,0.008217244,0.001319455,0.000521582,-0.000764663,-0.000194585,-3.65E-05,-9.65E-05,5.20E-05,0.000148933,1.42E-05,-2.63E-06,-2.36E-05,2.98E-05,5.76E-05,4.00E-05,5.96E-05,3.33E-05,7.71E-06,2.78E-05,0.000414497,0.003082603,0.015968791,0.024147498,0.035967931,0.059447785,0.063417458,0.052298272,0.03482712,0.023464018,0.016958347,0.015466461,0.013621248,0.013023817,0.010606805,0.008477794,0.005330231,0.003494471,0.002137241,-0.00060015,-0.000591823,-4.70E-05,0.000772972,-1.52E-05,0.000672526,0.000180647,4.35E-05,-0.000109508,0.000124694,0.00014209,0.000546294,0.000754005,0.001522163,0.001482465,0.001421697,0.007935414,0.04951168,0.192370893,0.314174329,0.629680429,0.948917619,1,0.740791026,0.470949953,0.317641141,0.232237745,0.20082927,0.183636601,0.161869743,0.128179771,0.100245211,0.068207784,0.043777914,0.025248458,5.47E-05,-8.87E-05,4.23E-05,-1.03E-05,8.98E-05,-5.35E-05,6.78E-05,0.000170301,0.00017356,0.000339738,0.000553076,0.000619506,0.000558298,0.002347066,0.013647302,0.066669874,0.134875339,0.279538701,0.442353605,0.464396875,0.373358118,0.251737899,0.169470789,0.12658507,0.109090103,0.102023027,0.080928195,0.068311643,0.049879716,0.037524522,0.025881982,0.017427693,0.000682845,0.000184595,0.000224427,0.00023345,0.000381373,0.000299336,0.000161349,0.002725885,0.023996569,0.101952042,0.169793978,0.321593915,0.48987251,0.549633315,0.400546864,0.278646289,0.184619709,0.136710082,0.118951847,0.111356232,0.090905632,0.07228978,0.052898368,0.037658036,0.024171962,0.017908736,0.002123895,0.007156824,0.033148931,0.066190267,0.149642023,0.240175917,0.28205775,0.218001629,0.149541324,0.096268678,0.075608583,0.063959121,0.059438138,0.054479958,0.046684932,0.036162566,0.024559841,0.015896446,0.012381665
PerCP-Cy5.5,-0.005562775,-0.000321982,-0.000336655,0.001350985,-0.000380493,-0.000687096,6.75E-05,-0.001140824,-2.01E-05,-0.000710472,-0.000517837,-0.000859857,-0.001125712,0.000786237,0.000478621,0.000388244,0.012049133,0.105039674,0.397651886,0.448410783,0.35547622,0.301137411,0.230238743,0.167933617,0.128683379,0.091392557,0.07720253,0.057977763,0.045659333,0.023088356,0.011715573,0.002785612,0.001070331,0.00037634,0.00027006,-0.003025858,-0.000832608,-0.000304191,8.09E-05,-0.000380754,1.54E-05,-0.00019021,9.65E-05,4.78E-05,3.30E-05,0.000285477,0.000191221,-0.0002108,0.000111237,2.35E-05,0.000120818,0.002492193,0.020008388,0.103221547,0.124606018,0.09305228,0.085301573,0.062605699,0.048254458,0.039334859,0.031946288,0.024535123,0.021431245,0.016273407,0.012981262,0.009151233,0.006867324,0.004585795,0.002978505,0.001852505,-0.00243992,-0.002278413,-0.001554038,-0.001367103,-0.002306611,0.00079571,-0.000807098,0.002177808,-0.00010385,-0.000261554,0.000237373,0.001015369,0.001642154,0.002069376,0.002165056,0.00262135,0.02917629,0.231657287,0.883293346,1,0.994667779,0.869232858,0.661979384,0.471715446,0.358093792,0.285639036,0.226196985,0.186835008,0.149568467,0.112746546,0.081942034,0.064274638,0.04413201,0.030265243,0.017006893,-0.000589245,-0.000371383,-0.000292699,-0.000391908,-0.000174319,-6.97E-05,-5.95E-05,0.001000056,-5.17E-05,0.000646557,0.000584668,0.000656364,0.000460658,0.005880627,0.044762143,0.21082006,0.31069832,0.337255085,0.306899307,0.227414764,0.167322223,0.129538073,0.104538802,0.086313072,0.072350093,0.060186336,0.041733447,0.032143518,0.022816811,0.017811334,0.012433865,0.008816181,0.001870817,0.000851327,0.000778177,0.000107732,0.000343181,0.000322515,0.000442791,0.012514821,0.124608648,0.528699125,0.656729874,0.617019439,0.530933019,0.419037169,0.285409747,0.236826248,0.187737367,0.15201735,0.123170141,0.099999034,0.072096192,0.050412651,0.036138405,0.026045394,0.017141102,0.013010371,0.008875128,0.037721927,0.171353248,0.23076898,0.258095063,0.237641435,0.19002128,0.127776122,0.098587184,0.078881454,0.069531654,0.059828735,0.048803352,0.037428356,0.029167807,0.021894111,0.015841442,0.00988064,0.008207779
PerCP-Fire 806,-0.003676345,-0.001666674,-0.000873247,-0.00064618,0.001953942,6.73E-05,0.001322891,0.00393146,-0.000655225,-0.000555417,-0.000593699,-0.001000985,0.000516513,-7.20E-05,0.000201157,-0.000120272,0.002019719,0.015735251,0.057200187,0.053531091,0.023878188,0.017479321,0.013523215,0.01164867,0.011788683,0.009286924,0.011944771,0.022770622,0.052420355,0.077833768,0.110852178,0.110545822,0.089774348,0.052191681,0.024544506,-0.003261399,-0.000758212,-0.000480817,-0.001000049,-4.14E-05,-9.06E-05,6.45E-05,-0.000280617,6.96E-05,1.07E-05,-0.00020171,-2.71E-05,-1.98E-05,4.59E-05,-4.32E-05,2.37E-05,0.00038792,0.002944472,0.016090139,0.015311114,0.006757561,0.005348123,0.004016536,0.003840937,0.003713484,0.003724987,0.004036494,0.00788117,0.016424798,0.03265164,0.04837867,0.058805312,0.045349044,0.033925536,0.018590517,-0.003838897,-0.004087156,-0.001539592,-0.001709152,-0.002776598,-0.001911969,-0.000347009,4.69E-05,-0.000772711,-1.76E-05,-8.35E-05,1.45E-05,0.001624187,0.001110118,0.000440557,0.000204295,0.006116702,0.055587186,0.213675762,0.169276969,0.096772177,0.073811538,0.061384887,0.054519277,0.052495328,0.055484137,0.077558898,0.165931553,0.354104999,0.634431334,0.869343961,1,0.831831157,0.549021383,0.292497506,-0.000146584,-0.000299005,-0.000171758,-0.00021378,4.69E-05,-5.37E-05,5.94E-05,0.000820895,0.000194168,0.000514984,0.00079571,0.000229489,8.92E-05,0.002200437,0.020065059,0.099025705,0.095873381,0.049076096,0.036469852,0.029004278,0.026721266,0.028541232,0.032775025,0.053402634,0.121905182,0.275803624,0.460723732,0.695949154,0.761471098,0.69872908,0.506858013,0.317355278,0.00025653,0.002539129,0.003849235,0.003714539,0.003277536,0.001086614,-3.52E-05,0.003465858,0.027472589,0.114958415,0.108522556,0.059083945,0.043856548,0.036617952,0.030052586,0.030881592,0.030691335,0.039118369,0.081054019,0.176501121,0.296357071,0.416047998,0.454319287,0.40497115,0.270504304,0.188396894,0.001053838,0.0039211,0.018229209,0.020079675,0.016571011,0.014830387,0.012326874,0.009069283,0.007814748,0.006704257,0.008516316,0.015518174,0.031159837,0.056661396,0.085796124,0.09919372,0.083022616,0.058399716,0.040253465
RB780,-0.001607021,-0.000665733,-1.81E-05,0.001994371,0.005755114,0.008786677,0.007204157,0.005129213,0.001007739,0.001589562,0.004219161,0.002897441,0.002183835,0.001398604,0.000657076,4.58E-05,0.00097123,0.000436649,0.000900261,0.000533729,0.000134569,0.000681439,0.000888486,0.002163974,0.005109323,0.012194047,0.027712074,0.043259738,0.056591744,0.046024419,0.034689409,0.02404825,0.013948248,0.003134963,0.00120261,-0.001401204,-0.000280339,-7.70E-05,0.001663239,0.004689127,0.007329091,0.006900779,0.005283522,0.001049744,0.00109328,0.003324052,0.002533811,0.00177238,0.001096545,0.000466516,9.43E-05,0.000478394,0.000476644,0.000424018,0.000357454,0.000282609,0.000339145,0.000639594,0.001480033,0.004396968,0.010934672,0.021437425,0.037082923,0.045524048,0.049612364,0.043326847,0.035441076,0.022594765,0.016316185,0.01040662,-0.001178526,-0.001322588,-0.000780817,0.006071992,0.013342103,0.022356119,0.021376833,0.015280607,0.002603282,0.003800103,0.008456154,0.006783758,0.005053528,0.004635626,0.001629491,0.000123985,0.001400109,0.001158414,0.001184412,0.00101227,0.000875557,0.001137145,0.002191966,0.005301009,0.014463234,0.035105658,0.066353919,0.104412622,0.125550741,0.125219311,0.104814743,0.083273744,0.057805052,0.037513614,0.021623865,0.039959545,0.074897494,0.123745654,0.115322046,0.088380237,0.017524126,0.019566925,0.054282248,0.042993818,0.028735147,0.022122465,0.008267658,0.000878936,0.006675292,0.006864309,0.00620441,0.005885659,0.005907178,0.007318844,0.013418731,0.03639521,0.102448586,0.252020795,0.498107899,0.784308898,1,0.888337029,0.803767296,0.594016423,0.461995575,0.332749273,0.237506239,0.001447739,0.001418023,0.001022716,0.000730325,0.000881481,0.000202576,-3.29E-06,0.000255534,0.000400072,0.000586736,4.73E-05,-0.000331933,0.000387888,0.000251847,0.000939972,0.002229665,0.00595631,0.012167896,0.021188654,0.027903076,0.027751126,0.024399491,0.019462442,0.014817593,0.010073776,0.007865167,5.01E-05,5.40E-05,0.000118122,0.000149643,0.000227718,0.00017981,0.000592845,0.001376933,0.003636723,0.00854285,0.017401783,0.025981223,0.031336222,0.030876102,0.028101318,0.022141382,0.014883308,0.010062895,0.008122755
PE-Fire 640,-0.000395573,-0.000140777,-9.95E-05,0.000321921,-0.000187923,0.000311411,3.57E-06,5.83E-05,2.24E-05,0.000292552,0.000828413,0.000554763,0.001667974,0.005451329,0.004076711,0.003226248,0.021723564,0.02017676,0.012944892,0.010823965,0.009043701,0.007991553,0.006929366,0.005334475,0.003260197,0.002122823,0.001545104,0.000898777,0.000462765,9.83E-05,7.31E-05,3.32E-05,2.77E-05,1.45E-06,1.28E-05,-0.000332966,-9.29E-05,-2.21E-05,-4.56E-05,-5.32E-06,1.31E-05,0.000100387,0.000133706,4.18E-05,0.000218768,0.00068683,0.00050761,0.001023754,0.003727739,0.004029545,0.002670837,0.019024129,0.017191372,0.012988894,0.009646836,0.007121488,0.006765837,0.005788327,0.004935494,0.003619272,0.002657962,0.001830416,0.001453874,0.001078808,0.000964566,0.000727831,0.000634156,0.0003758,0.000266745,0.00018155,-0.00034284,-0.000295742,1.79E-05,0.000265786,5.63E-05,0.000146986,0.000526839,0.000627839,0.000178371,0.002058348,0.003855782,0.003243403,0.007549912,0.037866295,0.02786304,0.02260966,0.130866066,0.11242842,0.075088512,0.054263418,0.046863242,0.041589276,0.036903947,0.027971104,0.019648979,0.013891483,0.009775499,0.007448532,0.005908364,0.004731511,0.003849204,0.003088316,0.002216397,0.001394501,0.001029555,0.002126666,0.001490532,0.001186721,0.001784578,0.003719714,0.001286536,0.009193433,0.023048145,0.016141967,0.024702769,0.092041701,0.086873614,0.041085271,0.319073024,0.299746355,0.214303724,0.163889014,0.13198109,0.113850255,0.096187032,0.078731114,0.059165524,0.042785809,0.031181103,0.023755147,0.019141639,0.014070456,0.011920045,0.009258562,0.007544454,0.005479786,0.004223942,0.072324929,0.081923314,0.04748139,0.079808136,0.291496836,0.271707646,0.153355165,0.915781735,1,0.657348186,0.491979025,0.423113273,0.367344238,0.341004175,0.255140976,0.198057555,0.140138343,0.101096165,0.077921425,0.06638442,0.047968461,0.038520399,0.02992419,0.023178225,0.015744722,0.012912988,0.091193022,0.096815025,0.072861246,0.04849718,0.039648655,0.034500963,0.032928436,0.026583108,0.020629012,0.014327357,0.010934359,0.008035991,0.006397666,0.005252142,0.004377923,0.003706639,0.002755548,0.00187107,0.001353728
PE-Fire 700,-0.001550592,-0.000152686,-0.000362613,0.00113081,-0.000493428,-0.000288001,0.000413427,-0.000153753,-5.19E-05,0.00042991,0.000804231,0.000432846,0.0002308,0.000394889,-5.80E-06,1.37E-07,9.58E-05,0.00108254,0.005081122,0.015999113,0.026582788,0.025996629,0.020274884,0.013501137,0.008060243,0.006578441,0.005259264,0.003729383,0.002066337,0.000514234,0.000178285,0.000129082,5.29E-05,4.98E-05,1.12E-05,-0.000674401,-0.000167255,-5.04E-05,-0.000261777,0.00018475,-0.000108094,-7.64E-06,-1.33E-05,-2.05E-05,0.000145254,0.000497734,0.000327303,0.000211244,0.000217707,6.14E-05,-1.12E-05,0.000177738,0.000786924,0.003708463,0.011396318,0.018479657,0.020875027,0.015826403,0.010884959,0.007360668,0.005710277,0.004621659,0.004771343,0.004026242,0.003434894,0.002175432,0.001850773,0.001012931,0.000652252,0.00045741,-0.000713622,-0.00059529,-0.000652572,0.000377657,-0.000836451,-5.20E-05,0.000403594,0.000696224,0.000100206,0.001750352,0.003205561,0.001696932,0.001511769,0.001571019,0.000731054,0.000149619,0.00148512,0.006349544,0.022745734,0.061928022,0.106484934,0.107396525,0.084176104,0.056024793,0.038519305,0.029413088,0.024897957,0.022598978,0.018204986,0.014715833,0.010793615,0.007943975,0.005380348,0.002969638,0.001402626,0.000900528,0.000525316,0.000421134,0.000757037,0.001847385,0.000665706,0.007602342,0.01934647,0.011615973,0.006701031,0.005908428,0.002854389,0.000555099,0.003957721,0.014571168,0.061881163,0.187401244,0.322086303,0.329131321,0.242653813,0.166424323,0.117827276,0.093184972,0.081399235,0.07469809,0.065855231,0.046476155,0.035485645,0.024796537,0.018711164,0.012776719,0.008926123,0.058473579,0.069785272,0.032579489,0.019945763,0.016829318,0.007168969,0.001159817,0.01089053,0.046593067,0.19119786,0.525241646,0.952090397,1,0.812951452,0.522558639,0.384009815,0.30101758,0.257570641,0.238645212,0.204883557,0.153698442,0.110440649,0.078542729,0.059029689,0.038723888,0.030212091,0.001541439,0.004839521,0.02009285,0.055163932,0.099576379,0.104183519,0.084707198,0.054658019,0.038354529,0.029683095,0.027442374,0.024549154,0.021262965,0.016890435,0.013280145,0.009767808,0.006513826,0.004709596,0.003705848
PE-Cy7,-0.000488486,2.92E-05,3.37E-05,0.000137276,2.22E-06,-3.16E-05,0.000133009,0.000218563,9.20E-05,0.000274183,0.000796859,0.0003591,0.000381661,0.000264672,0.000139882,1.33E-05,1.59E-05,7.53E-05,4.37E-05,0.000193154,0.000129038,3.03E-05,0.000166729,0.000439147,0.001530595,0.004480929,0.010026548,0.016349835,0.020967563,0.01587794,0.010532706,0.0063612,0.003471303,0.001024591,0.000269708,-0.000262137,-7.32E-05,-1.30E-05,2.87E-05,1.58E-05,-1.01E-05,7.59E-05,0.000145725,4.24E-05,0.000194779,0.00049942,0.00033124,0.000217651,0.000141259,6.47E-05,2.00E-06,3.45E-05,4.65E-05,6.20E-05,3.82E-05,3.65E-05,5.23E-05,0.000123884,0.000401469,0.001392551,0.004136498,0.008724292,0.015882171,0.019099067,0.019350209,0.014684409,0.01051682,0.005865184,0.004041258,0.002506265,-0.000313294,-0.000319196,-0.00013659,0.000489746,-0.000128486,-0.000126919,0.000415671,0.000673836,0.000209928,0.001490565,0.002959595,0.00177943,0.001202795,0.001208112,0.0004047,6.10E-05,0.000345232,0.00033138,0.000217491,0.000261971,0.000292984,0.000361747,0.000870543,0.002656673,0.008415692,0.022962834,0.0459589,0.074072976,0.088537793,0.081028076,0.059068358,0.04089687,0.025592447,0.016024774,0.009535344,0.001936745,0.001414521,0.001145254,0.001790792,0.004091214,0.001253012,0.006742835,0.017311682,0.010643761,0.006749718,0.005636295,0.002236685,0.00016688,0.001227841,0.001222315,0.001101227,0.001040044,0.001002568,0.001279223,0.002698866,0.008368268,0.027585825,0.076317099,0.164755047,0.272393406,0.340038997,0.280888938,0.224001829,0.142601358,0.097899032,0.066027997,0.047023793,0.049873332,0.057068501,0.028045535,0.017573956,0.016708345,0.005856069,0.000456538,0.003021656,0.003443706,0.002696715,0.002469348,0.002617459,0.003348913,0.008704645,0.025776118,0.08691181,0.232131883,0.493125161,0.809417031,1,0.877795186,0.647517663,0.428968411,0.28366714,0.179767345,0.140069474,8.52E-05,8.62E-05,0.000133748,9.54E-05,0.000101195,0.000130269,0.000273923,0.000830378,0.002992915,0.008155589,0.018331146,0.029858984,0.037029425,0.035558451,0.028191531,0.019337161,0.01191219,0.007710509,0.00640656
PE-Dazzle 594,1.29E-05,1.24E-05,-4.88E-05,4.04E-05,8.91E-05,0.000190316,-3.17E-06,0.000294463,7.53E-05,0.001219125,0.004697516,0.01228922,0.02444962,0.02571625,0.008210562,0.000916556,0.005655438,0.006407659,0.005058166,0.004366311,0.003111325,0.00187115,0.001296424,0.000849675,0.000629391,0.000503867,0.000329716,0.000194694,1.76E-05,5.81E-06,8.02E-06,2.03E-05,2.10E-05,2.26E-05,3.51E-05,-0.000227789,-6.61E-05,-2.01E-05,3.22E-05,-1.92E-05,9.11E-05,0.00011968,4.16E-05,4.84E-05,0.000812565,0.003510089,0.009145002,0.020181797,0.022198501,0.009903729,0.00100083,0.005523711,0.005571818,0.005429651,0.004375902,0.002860617,0.001949923,0.001314877,0.000978669,0.000755193,0.000635695,0.00046707,0.000358306,0.000244384,0.000191073,0.000155168,0.000130917,0.000166411,0.000234712,0.000309916,-0.000226004,-0.000167582,-0.000138635,0.000441279,8.74E-05,0.000136816,0.000674847,0.000907665,0.000309775,0.004616486,0.014932223,0.038979042,0.082013376,0.112771268,0.037192939,0.004443983,0.023439364,0.023145949,0.019762008,0.015501128,0.011153708,0.007068977,0.004913232,0.003552713,0.002629518,0.002052525,0.001588287,0.001136531,0.000831974,0.00060152,0.00043773,0.000565971,0.000789924,0.001166832,0.00172518,0.001319079,0.000809068,0.000820982,0.00149032,0.003041359,0.001123603,0.016727036,0.0611628,0.147080175,0.29636544,0.366730442,0.144863385,0.011990556,0.071734189,0.07409337,0.068802996,0.058238735,0.040040824,0.026172017,0.01725879,0.012655109,0.010400949,0.008583018,0.006624489,0.005053482,0.003695289,0.002484352,0.001989494,0.001807699,0.002194334,0.002987107,0.003669623,0.136048245,0.225912604,0.429394952,0.850901277,1,0.412057401,0.038982488,0.184790796,0.224338697,0.188585573,0.153891061,0.112485434,0.072857928,0.054683472,0.037045043,0.031282028,0.025220223,0.020050979,0.015079804,0.010858262,0.007653593,0.009944126,0.004656308,0.004921314,0.00546973,0.007253186,0.000384416,0.000423581,0.000436085,0.000310269,0.000194606,0.000140024,0.000122409,6.96E-05,7.37E-05,3.79E-05,4.28E-05,2.88E-05,1.41E-05,5.30E-06,3.70E-05,2.49E-05,-1.02E-05,1.88E-05,-4.06E-06
PE-Fire 810,-0.001220755,-0.000258187,0.000151167,0.000151763,0.000376974,0.000379291,9.30E-05,0.000937654,0.000228749,0.005575675,0.01222137,0.006457162,0.004647895,0.00328627,0.000984428,0.000130002,0.000739546,0.00077185,0.000703215,0.001099439,0.001437002,0.001103492,0.000893035,0.000546191,0.000397781,0.000295778,0.000790608,0.001716527,0.00437228,0.008295342,0.011793162,0.012903271,0.01024526,0.003524413,0.00064606,-0.00066162,-0.000149276,-1.51E-05,0.000130416,-1.10E-05,9.86E-05,0.000224665,0.000513865,0.0002058,0.003405372,0.009070829,0.005103261,0.00309936,0.002296282,0.001023626,9.90E-05,0.000693483,0.000616586,0.000613633,0.00080004,0.001032041,0.000976094,0.000679623,0.000542148,0.000376523,0.000441061,0.000772218,0.001922038,0.004245074,0.00852876,0.013036334,0.016200254,0.012810726,0.009623689,0.005309008,-0.000658674,-0.000584572,-6.33E-05,0.000536605,7.93E-05,0.000521673,0.001098629,0.003942811,0.001193744,0.026562076,0.050051422,0.027784291,0.01854163,0.019761355,0.006442151,0.000841209,0.004817618,0.004155035,0.004185753,0.005101623,0.006189843,0.005611857,0.004141722,0.002940859,0.002381924,0.002866351,0.005312373,0.012448917,0.027598977,0.050915602,0.070477468,0.08252585,0.069643115,0.047456869,0.025319495,0.004642837,0.003272408,0.002677828,0.005429356,0.01565692,0.006101652,0.104127861,0.25962411,0.147787609,0.088325535,0.075435251,0.031370811,0.002790111,0.017038111,0.015683502,0.014805741,0.019498152,0.02305269,0.020255773,0.014552296,0.010409421,0.008739134,0.009927953,0.017770181,0.039644416,0.090270598,0.150914389,0.228904536,0.250978125,0.236618324,0.174006313,0.109223904,0.881261514,1,0.469722948,0.283273454,0.233225374,0.099231665,0.01041378,0.049365093,0.053834616,0.046477107,0.057787281,0.072823594,0.065169707,0.05146724,0.034389866,0.029743424,0.032899569,0.057452401,0.130559814,0.290003481,0.498430463,0.705013726,0.788908661,0.712392282,0.490306429,0.345827308,0.000237634,0.000564297,0.001410375,0.002613628,0.00329246,0.002908512,0.002168483,0.001483295,0.001077886,0.001086945,0.001414981,0.002695461,0.005478759,0.009988855,0.015511134,0.018432055,0.015846579,0.011094632,0.007831349
PE-Cy5,-0.000371707,-0.000138225,-6.23E-05,0.000253819,0.000148217,0.000148771,-3.85E-05,9.18E-05,3.44E-05,0.000221043,0.000482468,0.000320665,0.00033141,0.000215404,0.000136891,0.000795104,0.009986143,0.02224298,0.02300004,0.01851056,0.011651266,0.007934072,0.006752753,0.005622097,0.004293761,0.002817187,0.00186512,0.001184688,0.000545989,9.52E-05,6.25E-05,2.33E-05,1.72E-05,4.35E-06,6.45E-06,-0.000242032,-5.54E-05,-3.18E-05,-1.45E-05,5.93E-06,-2.15E-05,6.62E-06,5.99E-05,3.68E-06,0.00015048,0.000421129,0.000242723,0.000156563,0.000135929,9.17E-05,0.000492257,0.006532693,0.014282014,0.018239318,0.013782014,0.007748481,0.00544057,0.004258235,0.004005444,0.003419488,0.002650117,0.001759143,0.001314596,0.000924433,0.000683228,0.00054445,0.000431702,0.000300061,0.000199712,0.000111293,-0.000250677,-0.000263154,-4.98E-05,-7.36E-05,-8.01E-05,0.000195829,4.66E-05,0.000278526,7.48E-05,0.001293415,0.002408451,0.001442579,0.001071512,0.001408757,0.000733247,0.004193337,0.044368304,0.0911483,0.097147672,0.067993813,0.04402808,0.030423567,0.025317407,0.02208772,0.017581392,0.013157266,0.00863846,0.006053558,0.004443292,0.003287331,0.002475884,0.002075772,0.001462426,0.000970075,0.000448066,0.000643071,0.000404619,0.000339984,0.000613178,0.001423397,0.000548947,0.005030079,0.012432826,0.007534968,0.004861407,0.004999929,0.00299996,0.009185003,0.122819013,0.282854223,0.338208253,0.263432094,0.159173247,0.103792783,0.080281682,0.072879088,0.063671735,0.04905421,0.034171954,0.023963087,0.017268038,0.01174793,0.00967171,0.007448145,0.006334849,0.00460834,0.003180883,0.041392861,0.045854206,0.021912788,0.014140351,0.014280075,0.00900414,0.033856651,0.361004826,0.911061037,1,0.771732173,0.509713744,0.336989327,0.286992895,0.237800673,0.211873711,0.159526781,0.111398682,0.078845152,0.05766614,0.040696101,0.031443598,0.024662213,0.019572054,0.013539894,0.010379864,0.091975502,0.145131846,0.170965437,0.115933247,0.071145547,0.045069701,0.038899109,0.034805447,0.031652901,0.023576567,0.017206049,0.011517583,0.008087866,0.006235906,0.005161722,0.004259981,0.00324803,0.002292239,0.001778252
PE,-2.91E-05,1.93E-05,-1.70E-05,-0.000103053,-7.19E-05,0.00016586,0.000261812,0.000824391,0.000288674,0.00984549,0.021535077,0.011060026,0.007011885,0.005349346,0.001823525,0.000209241,0.001363886,0.001260749,0.00083384,0.000702112,0.000541754,0.000358884,0.000249905,0.000162112,8.74E-05,5.47E-05,3.55E-05,2.71E-05,4.94E-06,1.05E-05,2.40E-05,4.06E-05,2.25E-05,1.24E-05,5.27E-06,-0.000114834,-2.64E-05,-9.92E-06,2.67E-05,1.57E-05,4.36E-05,0.000192759,0.00077037,0.000372592,0.008707273,0.022928604,0.012435595,0.007213877,0.005415756,0.002509565,0.000299388,0.001552513,0.001286028,0.000995147,0.000771458,0.000528815,0.000398593,0.000281398,0.000174123,0.000119359,0.000104264,7.23E-05,8.00E-05,5.36E-05,8.42E-05,0.0002083,0.000319278,0.000271888,0.000151682,8.65E-05,-7.46E-05,-4.23E-05,4.65E-05,0.000440819,6.50E-05,0.000199043,0.001316749,0.004105379,0.00153663,0.046331213,0.08492972,0.046004036,0.030316467,0.031123026,0.011123244,0.00150086,0.007377253,0.005965702,0.00418293,0.003180224,0.002420022,0.001729632,0.00116429,0.000798226,0.000541073,0.000387125,0.000244906,0.000276272,0.000255482,0.0003729,0.001018643,0.002032464,0.00147268,0.00082833,0.000473967,0.00124736,0.000702739,0.00077178,0.002892072,0.011078682,0.005055772,0.117478484,0.289523438,0.162338725,0.094139339,0.080472721,0.033892606,0.003056838,0.017420565,0.015066341,0.011351144,0.009128289,0.006833853,0.004737309,0.003037532,0.00214403,0.00161003,0.001193477,0.001021399,0.000908033,0.000822249,0.001065322,0.001957824,0.003311188,0.002570268,0.001619885,0.000994539,0.88743398,1,0.492843789,0.29095637,0.239375321,0.103262246,0.01096949,0.048597578,0.05059725,0.034086252,0.026697569,0.021467388,0.014878697,0.01056851,0.006689512,0.005196378,0.004086151,0.003491205,0.002970543,0.002585054,0.002461929,0.004100101,0.005744104,0.004599635,0.002613986,0.001926765,2.36E-05,2.65E-06,2.96E-05,3.65E-06,-2.52E-06,1.34E-05,-5.05E-06,3.25E-06,-8.25E-07,-5.21E-06,2.13E-06,1.58E-06,-2.28E-06,2.58E-06,3.38E-05,-3.69E-05,1.97E-06,2.24E-05,4.65E-06
RY586,-4.36E-05,1.74E-05,2.63E-05,6.21E-05,4.22E-05,4.10E-05,1.59E-05,0.000276684,0.000165538,0.006180523,0.022382595,0.020841929,0.013816624,0.00831613,0.002515721,0.000511269,0.003186097,0.002997444,0.001823416,0.001466651,0.001022597,0.000735934,0.000547124,0.000323693,0.000260902,0.000157009,0.00012161,4.35E-05,2.55E-05,6.77E-06,2.67E-05,6.93E-05,7.12E-05,2.41E-05,2.16E-05,-0.00010283,-2.99E-05,-9.99E-06,-1.01E-05,1.57E-05,1.73E-05,5.50E-05,0.000132279,7.73E-05,0.002650807,0.011105877,0.011568368,0.007779315,0.004494934,0.001795664,0.000302746,0.001853736,0.001640544,0.00122255,0.000835498,0.000539111,0.000413559,0.000318105,0.000253202,0.000191536,0.000134017,9.89E-05,8.23E-05,5.53E-05,4.95E-05,9.81E-05,0.000173641,0.000204932,0.00016501,0.000104575,-8.91E-05,-6.90E-05,-4.74E-05,-5.26E-05,2.65E-05,8.37E-05,0.000201618,0.000520774,0.000258308,0.011674925,0.035684956,0.035162534,0.024385422,0.01955741,0.006031941,0.001261225,0.006892845,0.005839597,0.003824866,0.002571494,0.001852436,0.001375308,0.001078317,0.000782764,0.000554893,0.00040541,0.000280047,0.000214169,0.000146135,0.000152137,0.000347925,0.000799431,0.000846199,0.000636932,0.000382458,9.57E-05,5.54E-05,5.12E-05,0.000115249,0.000500557,0.000302361,0.011127443,0.044586875,0.047046184,0.030589143,0.020379254,0.007330705,0.000941274,0.006348532,0.005865654,0.004168063,0.002945368,0.0020332,0.001450962,0.001087491,0.000837879,0.000649025,0.000467723,0.000345269,0.000260454,0.000187347,0.000141549,0.00026481,0.000494518,0.000494453,0.00042137,0.00026563,0.709014101,1,0.943405208,0.702450535,0.48611866,0.183198568,0.028320194,0.146199427,0.157384211,0.101890518,0.070853232,0.052587815,0.037902999,0.031129065,0.022445359,0.017909251,0.013385185,0.01039448,0.007993144,0.006269926,0.004954387,0.006171289,0.008451179,0.00892207,0.006674647,0.005067689,2.99E-05,3.40E-05,2.42E-05,1.25E-05,1.19E-05,4.53E-06,-1.55E-06,3.98E-06,-4.50E-07,4.81E-06,-4.53E-07,-2.73E-06,1.66E-06,-4.70E-07,5.09E-07,-2.32E-07,-5.16E-06,9.10E-06,1.78E-06
NovaFluor Yellow 730,0.000528365,0.000603582,-0.000142288,-0.000141199,0.000581087,0.000287897,0.000725815,0.000810535,-1.10E-05,0.001820105,0.008717194,0.015203629,0.012685782,0.007951793,0.002251195,0.000579845,0.004063352,0.004186958,0.003026167,0.004836876,0.008613061,0.018626214,0.03511097,0.043255284,0.037483223,0.024073482,0.015866719,0.009389138,0.005547362,0.001176142,0.00081416,0.000508826,0.000354451,0.00015186,8.76E-05,-0.001277217,-0.000257364,-7.05E-05,0.000328963,2.58E-05,-2.44E-05,0.000214639,6.39E-05,1.76E-05,0.000190617,0.001628176,0.003185364,0.003160786,0.001790676,0.000720447,0.000171169,0.001052389,0.001001582,0.000973213,0.001234883,0.002154986,0.005370062,0.010997513,0.016664304,0.01613443,0.011969164,0.00779161,0.005819684,0.004023214,0.003597249,0.003177149,0.002545763,0.001870489,0.001268082,0.00065412,-0.000855231,-0.001047994,-0.000391122,-0.000621929,-0.000516277,-0.000191691,-0.00016964,0.000230569,3.34E-05,0.001746727,0.008808546,0.014878512,0.01368439,0.01156294,0.003384067,0.00078911,0.005933441,0.005661262,0.005038436,0.00649708,0.012080801,0.025690335,0.050204663,0.067105698,0.062401393,0.044867535,0.029200782,0.019969624,0.014590288,0.01199486,0.010027948,0.009581832,0.006733641,0.004221465,0.001569301,-0.00020572,0.000106362,0.00015111,0.000823251,0.004443639,0.001779034,0.009137976,0.038012651,0.058230801,0.050723509,0.037736375,0.013650157,0.001968517,0.014489626,0.015001909,0.013420169,0.016170944,0.026491922,0.053271008,0.098485274,0.141552788,0.139441443,0.102952677,0.068296313,0.047549522,0.036413509,0.026929366,0.024764949,0.020441734,0.017439719,0.012262345,0.008573305,0.302718759,0.59630166,0.765530254,0.69078333,0.49579167,0.183133646,0.031942611,0.182506504,0.213696941,0.162879091,0.166974158,0.243669341,0.418125641,0.778602293,1,0.996621993,0.728007809,0.482249134,0.341514021,0.265112557,0.203637137,0.175797074,0.148374884,0.122473401,0.083081969,0.062846243,0.000806702,0.001394276,0.003597125,0.008386748,0.018717585,0.035818693,0.067604123,0.087745926,0.086805977,0.061547808,0.042851363,0.029902501,0.023155814,0.019302175,0.0178365,0.016389671,0.012035919,0.00822518,0.006218372
APC,-0.00112849,-0.000234779,0.000136542,0.000710897,5.77E-05,-3.96E-05,-5.03E-05,-3.33E-05,-1.11E-06,0.000150638,-0.000115522,-9.86E-05,0.00032791,0.000803959,0.000491028,0.003307691,0.035113684,0.057208963,0.035359265,0.021320496,0.013238373,0.010693088,0.010176539,0.009940223,0.00732825,0.004577482,0.002942221,0.001805739,0.000457407,0.000129531,4.96E-05,6.39E-05,3.12E-05,8.57E-06,1.63E-05,-0.000633243,-0.000188093,-8.52E-05,-0.000137199,3.77E-05,-5.60E-05,-1.08E-05,-2.69E-05,-1.42E-05,1.11E-05,-2.24E-05,-3.15E-06,0.000161101,0.000564977,0.000589286,0.002601282,0.030738787,0.050518682,0.039631463,0.021119629,0.011973385,0.009829379,0.009254986,0.009657352,0.008519183,0.006364512,0.003830962,0.002687329,0.001850636,0.001485713,0.001276417,0.001035812,0.000706074,0.000535007,0.00031457,-0.000706646,-0.000752584,-0.000353344,-0.000411135,-9.98E-05,2.61E-05,3.85E-05,0.00015588,6.48E-05,0.000269082,0.000442391,0.000601039,0.000888376,0.004267528,0.003255338,0.017697827,0.17210453,0.253101464,0.162686983,0.084534949,0.05576903,0.044354499,0.043896861,0.042015534,0.034538647,0.023929131,0.014284025,0.009659443,0.007067934,0.005530971,0.00438059,0.003828225,0.002952546,0.001938403,0.001019409,-0.000111194,-8.12E-05,-6.61E-05,-3.38E-05,-1.62E-05,2.00E-05,1.88E-05,-3.83E-05,0.000144497,0.000117641,0.000330846,0.000292397,0.000763855,0.010938632,0.018513253,0.013409178,0.007473785,0.004468046,0.003378251,0.003028165,0.003090727,0.002710884,0.001881118,0.001102916,0.000637808,0.000419784,0.000161171,0.000179522,0.000143435,9.17E-05,6.94E-05,4.04E-05,0.001085044,0.000688152,0.000943765,0.003389303,0.011658509,0.011209454,0.03724472,0.376455138,0.710982389,0.477707578,0.258088548,0.168931923,0.12845435,0.13064887,0.120304089,0.109454801,0.077662257,0.048516916,0.032366613,0.024105672,0.017450252,0.014156707,0.011637473,0.010035513,0.006892777,0.005538845,0.789401096,1,0.735276846,0.358938309,0.226015878,0.17300266,0.179028754,0.17561942,0.163191432,0.115752474,0.07694278,0.049619358,0.036342034,0.029413957,0.025618418,0.023005092,0.01836785,0.013919777,0.011554882
APC-Fire 810,-0.004197738,0.000528026,0.000206903,-0.001793442,-0.000414916,0.003000839,0.000761626,0.001304345,0.00030602,0.000421275,0.000359129,0.000187922,0.001305893,0.000414789,0.001086933,0.000536655,0.006796753,0.009868523,0.006361888,0.004691911,0.004219994,0.003134592,0.0034681,0.001945675,0.000525913,0.001675602,0.002426958,0.003757262,0.009478513,0.017984213,0.026775706,0.036750224,0.023935162,0.004855613,0.002005398,-0.004137855,-0.000864437,4.83E-05,0.000308224,0.000885966,0.000957129,0.00026608,0.000599106,0.000112364,0.000244993,0.000552377,0.000278895,0.000426237,0.000598075,0.000484934,0.000440983,0.005521737,0.008175552,0.006458815,0.004175565,0.003054179,0.002778318,0.002512027,0.002317329,0.001828183,0.001512316,0.002263285,0.005000742,0.01156937,0.025466313,0.041642644,0.054199253,0.045374199,0.035731864,0.019983623,-0.003087513,-0.003508688,-0.00178474,0.002647487,0.00184191,0.001477476,0.001713853,0.002271847,-0.000135055,0.000901984,0.000183507,7.74E-05,0.001950996,0.004248184,0.001508017,0.003153803,0.031758905,0.043100786,0.027939169,0.018024808,0.014916061,0.012714007,0.01126189,0.009414438,0.008930413,0.009404284,0.012465004,0.031843354,0.074923297,0.144052327,0.217263599,0.268516752,0.236311019,0.168550823,0.088684928,-0.000365158,0.000148513,0.000374758,0.000842595,0.000463943,0.000158634,8.73E-05,0.000677344,0.00164738,0.001189921,0.001351233,0.000625027,0.00025111,0.002591413,0.003776812,0.002703954,0.001875899,0.0013258,0.001171515,0.000769483,0.000789157,0.000584565,0.000561328,0.000646741,0.001619288,0.004328276,0.006785728,0.01542406,0.01759166,0.017482893,0.012451044,0.006856369,0.001112974,0.002236404,0.006288128,0.011964547,0.022409058,0.01464575,0.008370621,0.088321826,0.148825895,0.100535061,0.063597591,0.051009654,0.043434966,0.039270428,0.031014062,0.028130398,0.023888656,0.029711596,0.064226837,0.146872162,0.26435174,0.396850265,0.473419055,0.449814975,0.317045133,0.223709376,0.154451097,0.191831168,0.139826229,0.080047194,0.066415656,0.056055247,0.05165334,0.045565911,0.041294593,0.036476782,0.049988152,0.100529353,0.229984027,0.465594391,0.76511425,1,0.880563434,0.65548243,0.47736025
Spark NIR 685,-0.001424125,-0.000716828,0.000293166,-0.000462883,6.42E-05,0.00070504,0.000361672,0.000457008,0.00023502,-0.00031595,0.000852068,0.000303619,-4.48E-05,0.000371735,-0.000148303,0.000318145,0.00334099,0.017550563,0.042330617,0.068779505,0.060116007,0.037403591,0.026801518,0.016853984,0.013482087,0.009962103,0.008747225,0.004802962,0.001559793,0.000442867,0.000265938,0.000151545,0.000101363,7.81E-05,5.84E-05,-0.002178665,-0.000608172,-0.000244757,0.000343318,-5.63E-06,0.00016349,6.82E-05,-0.000210008,-1.46E-05,3.67E-05,0.000105624,0.000136965,4.21E-05,2.48E-05,4.39E-05,7.63E-05,0.001412214,0.005627369,0.016293425,0.025665893,0.02131403,0.015295294,0.009647783,0.007136147,0.005972274,0.005587877,0.004680622,0.003672182,0.002381138,0.001808532,0.001121608,0.000835352,0.00047396,0.000360206,0.000234248,-0.001991989,-0.00135369,-0.000910171,-0.00065642,0.000547149,0.000368829,0.001220555,-0.000260868,0.000119215,0.000561306,-6.41E-05,1.23E-05,0.001393059,0.001296699,0.000967967,0.000795365,0.008643721,0.032413829,0.077989346,0.108044002,0.098587082,0.06600356,0.042011825,0.031531683,0.025286704,0.022393869,0.018065561,0.013332689,0.009565234,0.006141351,0.004010816,0.002741891,0.00162953,0.000597432,0.000195304,0.000636382,0.000355772,0.000296012,0.000333631,0.000332643,0.000171537,0.000525241,0.000875328,0.000227539,0.000448903,0.000309781,0.00022185,0.000127221,0.001569292,0.004603856,0.008937211,0.012153417,0.009736637,0.00616214,0.003811428,0.002707392,0.002412524,0.001882312,0.001561488,0.001000261,0.000557545,0.000201548,0.000211342,0.000129275,8.12E-05,2.81E-05,3.73E-05,0.005570606,0.008795834,0.006013511,0.003971222,0.003693957,0.001763019,0.001451535,0.022876821,0.104952475,0.247085916,0.366890548,0.340272172,0.219280872,0.149298482,0.099917921,0.089630527,0.078844798,0.066949116,0.0526216,0.0373453,0.024132474,0.016435538,0.012506984,0.007854777,0.002276245,0.001585861,0.108805823,0.274450718,0.714187601,1,0.917810371,0.597337631,0.407647273,0.289070643,0.257524322,0.233225986,0.208619933,0.162368566,0.116530629,0.083344175,0.062035728,0.049068601,0.036642312,0.026711346,0.023714676
Alexa Fluor 700,-0.002231784,0.000554547,0.000777406,0.004311673,0.002859147,0.000816912,0.002589727,0.001106284,0.000243366,0.000555452,0.002378198,0.002267712,0.002669383,0.000566856,0.000154658,0.000143441,0.001024914,0.00071027,0.00210672,0.010439159,0.026962423,0.061609288,0.085357182,0.082574458,0.056372403,0.030923763,0.018873857,0.013635653,0.007566477,0.001524939,0.001009078,0.000503908,0.000241516,0.000176716,8.49E-05,-0.003065514,-0.000606312,0.000193473,0.001236526,0.000672854,0.000678108,0.000602725,0.000283602,-4.07E-05,-2.95E-06,0.000468751,0.000299539,0.000281723,0.000265386,3.65E-05,6.76E-05,0.000121337,0.000540825,0.001373804,0.004682397,0.012448138,0.028515096,0.042219008,0.045152112,0.03382265,0.022203399,0.01435377,0.011146219,0.008331646,0.00698649,0.005933469,0.004936499,0.003000277,0.001810206,0.000906306,-0.002644812,-0.001776382,-0.000411622,0.003300714,0.002476728,0.004467105,0.003337204,0.001395745,0.000307994,0.000108796,0.002011022,0.001090948,0.001810514,0.001584167,0.000911042,0.000438251,0.001533623,0.003327455,0.010736984,0.038150611,0.114861088,0.229904389,0.331761703,0.311730634,0.220218371,0.144370061,0.09130942,0.066595568,0.054394603,0.044396667,0.036376944,0.029386061,0.019006436,0.010411813,0.005801444,0.000696933,0.001286695,0.001249696,0.001280179,0.000815412,0.000171272,0.000229647,0.001132964,0.000564984,0.000510582,0.000822265,0.00036297,1.27E-05,0.000313089,0.000374478,0.001117987,0.003671351,0.010280698,0.021210141,0.029156132,0.029975969,0.022950304,0.014556683,0.009289873,0.006522415,0.005184823,0.002780316,0.002852747,0.001944231,0.001059848,0.000482032,0.000348779,0.00150915,0.001559628,0.004169152,0.008461033,0.009686628,0.003630577,0.00012947,0.002898245,0.006723184,0.015808223,0.051255207,0.147042356,0.290867395,0.434719378,0.40226257,0.31346596,0.200492719,0.129945256,0.095995096,0.079874829,0.060836597,0.049073258,0.037325491,0.026508658,0.016350009,0.008910452,0.004495813,0.007787831,0.029564774,0.102482136,0.308468613,0.631035819,1,0.986978652,0.784518708,0.50187156,0.343566567,0.246484925,0.199533094,0.171664659,0.150568706,0.123748237,0.088772551,0.058241172,0.044761425
Zombie NIR,1,0.341314427,0.17561333,0.17020651,0.166867444,0.127849353,0.107075778,0.070191367,0.010633473,0.018755202,0.049352184,0.039701562,0.028615412,0.023303727,0.008150133,0.001683326,0.010826061,0.010318796,0.009408716,0.009125312,0.008770904,0.015933326,0.037392018,0.073459033,0.121892007,0.154068533,0.165374766,0.141343612,0.106739383,0.059081773,0.036029461,0.027674837,0.019671594,0.013975875,0.008642284,0.110934932,0.059259201,0.037554213,0.044113699,0.051847022,0.048639042,0.039359389,0.027336368,0.005175385,0.004820865,0.014956518,0.013015314,0.010034702,0.00737313,0.003287281,0.000515761,0.003485563,0.003396726,0.003090306,0.002795091,0.002433698,0.003509216,0.006741584,0.013538326,0.024441319,0.032788674,0.034383738,0.032801094,0.023826261,0.017261012,0.012150529,0.009609336,0.006206009,0.005193721,0.003437657,0.124788289,0.194161921,0.157112509,0.359338982,0.361858776,0.326995958,0.309601563,0.214555777,0.032925971,0.053092335,0.116009059,0.098376494,0.082337052,0.084115579,0.027579639,0.005876068,0.031596433,0.031071279,0.025781656,0.021741168,0.020979286,0.026723927,0.050777056,0.100262534,0.166949059,0.221577233,0.220324486,0.191526793,0.142187004,0.095240257,0.065691207,0.051805437,0.038879144,0.028865806,0.018780026,0.02154793,0.024752647,0.03444414,0.038761571,0.034566803,0.007275409,0.009166017,0.027933897,0.026959662,0.021106488,0.018857908,0.007265546,0.000968918,0.007640237,0.007947948,0.006764155,0.006720797,0.007487831,0.01232916,0.026575139,0.058743258,0.110673218,0.158147118,0.174282207,0.156991594,0.118250108,0.070576711,0.049130332,0.033550744,0.0270673,0.021092256,0.016344233,0.010517455,0.018148016,0.018575966,0.017793526,0.017770539,0.008200683,0.001224529,0.008686322,0.011968929,0.009389383,0.011221877,0.012683116,0.023309663,0.050686954,0.089250749,0.151182488,0.192217603,0.192857347,0.165619846,0.124331319,0.080838561,0.055177687,0.038696585,0.030225611,0.021938121,0.017705837,0.005658425,0.00665046,0.007767612,0.009189108,0.018699737,0.045807298,0.119838082,0.249112833,0.446644655,0.580257351,0.613755845,0.50800056,0.36401725,0.248719151,0.176858229,0.135070526,0.101847799,0.080592198,0.067564196
NovaFluor Blue 660-120S,-0.000952193,-0.000119958,0.000102462,0.002169145,0.006558941,0.012475426,0.011412299,0.006474658,0.000695846,0.001023149,0.002894061,0.002436213,0.002019397,0.00246004,0.001280137,0.007988567,0.079286718,0.137482285,0.118361594,0.091114728,0.054586788,0.03529469,0.02845446,0.024374273,0.018967985,0.013061973,0.009112999,0.004958009,0.001820789,0.000386967,0.000194859,9.56E-05,8.75E-05,3.98E-05,1.02E-05,-0.001129393,-0.000335391,-2.47E-05,2.43E-05,0.000349311,0.001205327,0.001253382,0.00074543,0.000160036,0.000105587,0.000382168,0.000198924,9.19E-05,0.000221233,0.000142431,0.000385246,0.004953902,0.008559438,0.008624561,0.006170659,0.003427811,0.002189324,0.001700462,0.001599615,0.001269984,0.001132712,0.000735708,0.000566228,0.000363078,0.00018962,0.00015131,0.000120855,4.24E-05,4.56E-05,6.87E-05,-0.000750219,-0.001049071,-0.000239828,0.003946847,0.011217709,0.023390806,0.024410697,0.013947423,0.001821078,0.002456957,0.005679008,0.004458688,0.003898418,0.005077253,0.002674469,0.014471654,0.135480287,0.215179269,0.189180949,0.123940469,0.078638186,0.050130103,0.040343693,0.035060571,0.029071021,0.022193129,0.015044187,0.010309374,0.006827232,0.004640587,0.002898009,0.002474004,0.001650001,0.000541379,0.000216207,0.026632643,0.06473961,0.157027151,0.163507007,0.099390466,0.016654531,0.015324187,0.042643635,0.034636926,0.025168656,0.023666268,0.012453653,0.028971356,0.348790557,0.621446179,0.605426033,0.436964579,0.259577974,0.160551192,0.119306168,0.108914333,0.096583693,0.077913776,0.056189233,0.039162625,0.026889922,0.016905627,0.013067628,0.010086916,0.008466055,0.00639569,0.004287361,0.001521363,0.003787055,0.004898904,0.006206025,0.007703634,0.004154273,0.007973422,0.076627789,0.149127384,0.129747903,0.090662497,0.058284506,0.036366542,0.029792231,0.02467541,0.021895096,0.016791102,0.011312457,0.007804634,0.005130167,0.002678647,0.001071206,0.000556926,0.000238525,7.33E-05,5.98E-05,0.750247945,1,0.936838118,0.578543344,0.350066029,0.218438923,0.184806747,0.167501375,0.151597122,0.112651046,0.082401422,0.055032092,0.037277298,0.027117724,0.021705274,0.018670581,0.014523945,0.010184251,0.008057681
