marker,synonym1,synonym2,synonym3,synonym4,synonym5,synonym6,synonym7,synonym8,synonym9,large.gate
ACSA-2,ASCA2,ACSA-2,ASCA-2,ACSA2,ASCA2,ACSA.2,,,,TRUE
Activin A,INHBA,Activin-A,,,,,,,,FALSE
AF,AutoFluorescence,Autofluorescence,AutoF,AutoFluor,,,,,,FALSE
Aiolos,IKZF3,Aiolos zinc finger protein 3,,,,,,,,FALSE
ALK,Anaplastic lymphoma kinase,,,,,,,,,FALSE
alpha-SMA,ACTA2,Smooth muscle actin,aSMA,a-SMA,Smooth muscle alpha-actin,,,,,FALSE
Amphiregulin,Areg,AREG,EGF-like ligand,,,,,,,FALSE
Annexin A1,AnxA1,ANXA1,Lipocortin I,,,,,,,FALSE
Annexin A2,AnxA2,ANXA2,Lipocortin II,,,,,,,FALSE
Annexin V,Annexin,AnnV,AnnexinV,,,,,,,FALSE
AP-1,Activator protein 1,c-Fos/c-Jun,,,,,,,,FALSE
Areg,A-reg,A.reg,Amphiregulin,,,,,,,FALSE
AU1,AU1 tag,AU1-tag,AU1_tag,,,,,,,FALSE
AU5,AU5 tag,AU5-tag,AU5_tag,,,,,,,FALSE
AXL,AXL receptor tyrosine kinase,UFO,,,,,,,,FALSE
B220,CD45R,,,,,,,,,FALSE
BAFFR,BAFF-R,BAFF.R,CD268,TNFRSF13C,BR3,,,,,FALSE
BATF,Batf,,,,,,,,,FALSE
Bax,BAX,Bcl2-associated X protein,,,,,,,,FALSE
Bcl-2,BCL2,Bcl2,,,,,,,,FALSE
Bcl-6,Bcl-6,Bcl.6,Bcl6,BCL6,,,,,,FALSE
Bcl-xL,BCL2L1,BclxL,BCL-xL,,,,,,,FALSE
BDNF,,,,,,,,,,FALSE
BFP,Blue Fluorescent Protein,,,,,,,,,FALSE
Blimp-1,Blimp1,Prdm1,,,,,,,,FALSE
BMP4,Bone morphogenetic protein 4,Bmp4,,,,,,,,FALSE
BP1,BP-1,BP.1,Ly51,Ly-51,Ly.51,,,,,FALSE
BTLA,CD272,BTLA (CD272),,,,,,,,FALSE
C,C tag,C-tag,C_tag,,,,,,,FALSE
c-Myc,cMyc,MYC,c-MYC,,,,,,,FALSE
C/EBPa,CEBPA,CCAAT enhancer binding protein alpha,CEBPalpha,,,,,,,FALSE
C/EBPb,CEBPB,CCAAT enhancer binding protein beta,CEBPbeta,,,,,,,FALSE
CADM1,Cell adhesion molecule 1,,,,,,,,,FALSE
Calreticulin,CRT,Calregulin,,,,,,,,FALSE
CAR-T,CAR.T,CAR T,,,,,,,,FALSE
Casitas b-lineage lymphoma,CBL,c-Cbl,Cbl proto-oncogene,,,,,,,FALSE
Caspase-3,Casp3,Cleaved caspase-3,CASP3,Cleaved-Casp3,,,,,,FALSE
Caspase-8,Casp8,Cleaved caspase-8,CASP8,Cleaved-Casp8,,,,,,FALSE
CCL1,,,,,,,,,,FALSE
CCL11,Eotaxin,,,,,,,,,FALSE
CCL13,MCP-4,,,,,,,,,FALSE
CCL14,,,,,,,,,,FALSE
CCL15,,,,,,,,,,FALSE
CCL16,,,,,,,,,,FALSE
CCL17,TARC,,,,,,,,,FALSE
CCL18,,,,,,,,,,FALSE
CCL19,MIP-3beta,Macrophage inflammatory protein 3 beta,ELC,,,,,,,FALSE
CCL2,MCP-1,Monocyte chemoattractant protein-1,JE,,,,,,,FALSE
CCL20,MIP-3alpha,Macrophage inflammatory protein 3 alpha,LARC,,,,,,,FALSE
CCL21,6Ckine,SLC,Secondary lymphoid-organ chemokine,,,,,,,FALSE
CCL22,MDC,Macrophage-derived chemokine,,,,,,,,FALSE
CCL23,,,,,,,,,,FALSE
CCL24,Eotaxin-2,,,,,,,,,FALSE
CCL25,TECK,Thymus-expressed chemokine,,,,,,,,FALSE
CCL26,Eotaxin-3,,,,,,,,,FALSE
CCL27,CTACK,Cutaneous T-cell attracting chemokine,,,,,,,,FALSE
CCL3,MIP-1alpha,Macrophage inflammatory protein 1 alpha,,,,,,,,FALSE
CCL4,MIP-1beta,Macrophage inflammatory protein 1 beta,,,,,,,,FALSE
CCL5,RANTES,CCL-5,,,,,,,,FALSE
CCL7,MCP-3,Monocyte chemoattractant protein 3,,,,,,,,FALSE
CCL8,,,,,,,,,,FALSE
CCR1,CD191,CCR1 (CD191),,,,,,,,FALSE
CCR10,,,,,,,,,,FALSE
CCR2,CD192,CCR2 (CD192),,,,,,,,FALSE
CCR3,CD193,CCR3 (CD193),,,,,,,,FALSE
CCR4,CD194,CCR4 (CD194),,,,,,,,FALSE
CCR5,CD195,CCR5 (CD195),,,,,,,,FALSE
CCR6,CD196,CCR6 (CD196),,,,,,,,FALSE
CCR7,CD197,CCR7 (CD197),,,,,,,,FALSE
CCR8,CD198,CCR8 (CD198),,,,,,,,FALSE
CCR9,CD199,CCR9 (CD199),,,,,,,,FALSE
CD10,,,,,,,,,,FALSE
CD100,SEMA4D,Semaphorin 4D,,,,,,,,FALSE
CD101,,,,,,,,,,FALSE
CD102,ICAM-2,ICAM2,,,,,,,,FALSE
CD103,,,,,,,,,,FALSE
CD104,Integrin-beta4,Itgb4,Beta4 integrin,,,,,,,FALSE
CD105,Endoglin,,,,,,,,,FALSE
CD106,VCAM-1,VCAM1,Vascular cell adhesion molecule 1,,,,,,,FALSE
CD107a,LAMP.1,CD107a (LAMP.1),,,,,,,,TRUE
CD107b,LAMP-2,LAMP2,Lysosomal-associated membrane protein 2,,,,,,,TRUE
CD108,,,,,,,,,,FALSE
CD109,,,,,,,,,,FALSE
CD110,MPL,Thrombopoietin receptor,c-MPL,,,,,,,FALSE
CD111,Nectin-1,Nectin1,PVRL1,PRR1,,,,,,FALSE
CD112,Nectin-2,Nectin2,PVRL2,PRR2,,,,,,FALSE
CD113,,,,,,,,,,TRUE
CD114,G-CSFR,CSF3R,Granulocyte colony stimulating factor receptor,,,,,,,TRUE
CD115,FMS,CSF-1R,CSF1R,c-FMS,M-CSFR,,,,,TRUE
CD116,GM-CSFR,CSF2RA,GM-CSF receptor,,,,,,,TRUE
CD117,CD117,c-Kit,c.Kit,cKit,,,,,,TRUE
CD118,LIFR,,,,,,,,,FALSE
CD119,IFN-gamma-R,IFNgR,Interferon gamma receptor,,,,,,,FALSE
CD11a,LFA.1,LFA1,LFA-1,,,,,,,FALSE
CD11b,Itgam,,,,,,,,,TRUE
CD11c,Itgax,,,,,,,,,TRUE
CD120a,TNFR1,TNFRSF1A,TNF receptor 1,,,,,,,FALSE
CD120b,TNFR2,TNFRSF1B,TNF receptor 2,,,,,,,FALSE
CD121a,IL-1R1,IL1R1,Interleukin-1 receptor 1,,,,,,,FALSE
CD121b,IL-1R2,IL1R2,Interleukin-1 receptor 2,,,,,,,FALSE
CD122,IL-2R-beta,CD122 (IL-2R-beta),,,,,,,,FALSE
CD123,IL3Ra,CD123 (IL3Ra),,,,,,,,FALSE
CD124,IL-4Ra,IL4Ra,Interleukin-4 receptor alpha,,,,,,,FALSE
CD125,IL-5Ra,IL5Ra,Interleukin-5 receptor alpha,,,,,,,FALSE
CD126,IL-6Ra,IL6Ra,gp80,,,,,,,FALSE
CD127,IL7Ralpha,IL7RA,CD127,,,,,,,FALSE
CD129,,,,,,,,,,FALSE
CD13,,,,,,,,,,FALSE
CD130,gp130,IL-6Rbeta,IL6ST,,,,,,,FALSE
CD131,Common beta chain,CSF2RB,IL-3/5/GM-CSFR beta,,,,,,,FALSE
CD132,gc,Common Gamma Chain,,,,,,,,FALSE
CD133,Prominin-1,PROM1,AC133,Prominin,,,,,,FALSE
CD134,TNFRSF4,OX40,OX-40,OX.40,,,,,,FALSE
CD135,FLT.3,FLT-3,FLT3,FLK2,,,,,,FALSE
CD136,RON,MSP-R,,,,,,,,FALSE
CD137,4-1BB,41BB,4.1BB,4_1BB,CD137,TNFRSF9,,,,FALSE
CD138,,,,,,,,,,FALSE
CD139,,,,,,,,,,FALSE
CD14,,,,,,,,,,FALSE
CD140a,PDGFRalpha,PDGFRA,Platelet-derived growth factor receptor alpha,,,,,,,FALSE
CD140b,PDGFRbeta,PDGFRB,Platelet-derived growth factor receptor beta,,,,,,,FALSE
CD141,BDCA-3,Thrombomodulin,BDCA3,BDCA_3,BDCA.3,,,,,TRUE
CD142,Tissue Factor,TF,F3,Coagulation factor III,,,,,,FALSE
CD143,ACE,,,,,,,,,FALSE
CD144,VE-Cadherin,CDH5,Vascular endothelial cadherin,,,,,,,FALSE
CD146,MCAM,CD146 (MCAM),,,,,,,,TRUE
CD147,EMMPRIN,Basigin,BSG,,,,,,,FALSE
CD148,RPTP-eta,DEP1,CD148,,,,,,,FALSE
CD149,,,,,,,,,,FALSE
CD15,Le X,Lewis X,,,,,,,,FALSE
CD150,SLAM1,SLAMF1,,,,,,,,FALSE
CD151,,,,,,,,,,FALSE
CTLA-4,CD152,CTLA4,Cytotoxic T-lymphocyte antigen 4,CTLA-4,CTLA.4,CTLA_4,,,,FALSE
CD153,CD30L,,,,,,,,,FALSE
CD154,CD40L,,,,,,,,,FALSE
CD155,PVR,Nectin-like 5,CD155 (PVR),Poliovirus receptor,,,,,,FALSE
CD156a,,,,,,,,,,FALSE
CD156b,ADAM17,TACE,,,,,,,,FALSE
CD156C,,,,,,,,,,FALSE
CD157,BST-1,,,,,,,,,FALSE
CD158,KIR,Killer cell immunoglobulin-like receptor,,,,,,,,FALSE
CD158A,KIR2DL1,,,,,,,,,FALSE
CD158B1,KIR2DL2,,,,,,,,,FALSE
CD158B2,KIR2DL3,,,,,,,,,FALSE
CD158C,KIR2DS6,,,,,,,,,FALSE
CD158D,KIR2DL4,,,,,,,,,FALSE
CD158E1,KIR3DL1,,,,,,,,,FALSE
CD158E2,KIR3DS1,,,,,,,,,FALSE
CD158F,KIR2DL5,,,,,,,,,FALSE
CD158G,KIR2DS5,,,,,,,,,FALSE
CD158H,KIR2DS1,,,,,,,,,FALSE
CD158I,KIR2DS4,,,,,,,,,FALSE
CD158J,KIR2DS2,,,,,,,,,FALSE
CD158K,KIR3DL2,,,,,,,,,FALSE
CD159a,NKG2A,NKG2-A,KLRC1,,,,,,,FALSE
CD159c,NKG2C,NKG2-C,KLRC2,,,,,,,FALSE
CD16,FcgRIII,CD16 (FcgRIII),,,,,,,,TRUE
CD16/32,CD16-32,CD16.32,CD16_32,FcgRII/III,,,,,,TRUE
CD160,BY55,NK1,,,,,,,,FALSE
CD161,,,,,,,,,,FALSE
CD163,,,,,,,,,,FALSE
CD166,ALCAM,Activated leukocyte cell adhesion molecule,,,,,,,,FALSE
CD169,,,,,,,,,,FALSE
CD16a,FcgRIIIa,FCGR3A,,,,,,,,TRUE
CD16b,FcgRIIIb,FCGR3B,,,,,,,,TRUE
CD17,Lactosylceramide,LacCer,,,,,,,,FALSE
CD170,Siglec-5,Siglec5,,,,,,,,TRUE
CD172a,SIRP1alpha,SIRP1a,,,,,,,,TRUE
CD172b,SIRPbeta,SIRP-beta,,,,,,,,TRUE
CD175,Tn antigen,,,,,,,,,FALSE
CD175s,Sialyl-Tn,,,,,,,,,FALSE
CD176,Thomsen-Friedenreich antigen,TF antigen,,,,,,,,FALSE
CD177,NB1,PRV-1,NB-1,,,,,,,FALSE
CD178,FasL,Fas Ligand,FasLigand,,,,,,,FALSE
CD179a,VpreB,,,,,,,,,FALSE
CD179b,Lambda5,IGLL1,,,,,,,,FALSE
CD18,Integrin beta-2,ITGB2,,,,,,,,TRUE
CD180,RP105,MD-1,,,,,,,,FALSE
CD19,,,,,,,,,,FALSE
CD1a,,,,,,,,,,TRUE
CD1b,,,,,,,,,,TRUE
CD1c,,,,,,,,,,TRUE
CD1d,,,,,,,,,,TRUE
CD1e,,,,,,,,,,TRUE
CD2,,,,,,,,,,FALSE
CD20,,,,,,,,,,FALSE
CD200,OX2,MRC OX-2,,,,,,,,FALSE
CD200R,Cd200r1,CD200R-1,MO2R1,CD200 receptor 1,Orexin receptor 2,Ox2r,Mox2r,,,TRUE
CD201,EPCR,Endothelial protein C receptor,,,,,,,,FALSE
CD202b,TEK,TIE2,Angiopoietin receptor,,,,,,,FALSE
CD203c,ENPP3,,,,,,,,,FALSE
CD204,MSR1,Macrophage scavenger receptor 1,,,,,,,,FALSE
CD205,DEC.205,DEC-205,DEC205,DEC 205,,,,,,TRUE
CD206,Mannose Receptor,MMR,,,,,,,,TRUE
CD207,Langerin,CD207 (Langerin),,,,,,,,TRUE
CD208,DC-LAMP,LAMP3 DC,,,,,,,,TRUE
CD209,DC-SIGN,CLEC4L,Dendritic cell-specific ICAM-3 grabbing nonintegrin,,,,,,,TRUE
CD21,CD21-35,CD21_35,CD21.35,CD21/35,,,,,,FALSE
CD210,IL-10R,IL10RA,CD210a,,,,,,,FALSE
CD210b,IL10RB,,,,,,,,,FALSE
CD212,IL-12Rbeta1,IL12RB1,,,,,,,,FALSE
CD213a1,IL-13Ra1,IL13RA1,,,,,,,,TRUE
CD213a2,IL13RA2,,,,,,,,,TRUE
CD214,IL-4R,IL4R,,,,,,,,FALSE
CD215,IL-15Ra,IL15RA,,,,,,,,FALSE
CD217,IL-17R,IL17RA,,,,,,,,FALSE
CD218a,IL-18Ra,IL18R1,,,,,,,,FALSE
CD218b,IL18RAP,,,,,,,,,FALSE
CD22,Siglec-2,,,,,,,,,TRUE
CD220,INSR,Insulin receptor,,,,,,,,FALSE
CD221,IGF1R,Insulin-like growth factor 1 receptor,,,,,,,,FALSE
CD222,M6PR,IGF2R,Cation-independent mannose-6-phosphate receptor,,,,,,,FALSE
CD223,LAG-3,,,,,,,,,FALSE
CD224,GGT1,Gamma-glutamyltranspeptidase 1,,,,,,,,FALSE
CD225,Leu13,,,,,,,,,FALSE
CD226,DNAM1,,,,,,,,,FALSE
CD227,MUC1,Mucin-1,PEM,,,,,,,FALSE
CD228,Melanotransferrin,MFI2,,,,,,,,FALSE
CD229,Ly9,SH2D3A,,,,,,,,FALSE
CD23,FceRII,FceR2,,,,,,,,FALSE
CD230,PrP,Prion protein,,,,,,,,FALSE
CD231,TALLA-1,A15,TM4SF2,,,,,,,FALSE
CD232,VESPR,PLXNC1,,,,,,,,FALSE
CD233,Band 3,SLC4A1,Anion exchanger 1,,,,,,,FALSE
CD234,DARC,ACKR1,Duffy antigen,,,,,,,FALSE
CD235a,GPA,Glycophorin A,,,,,,,,FALSE
CD235ab,Glycophorin A/B,GPA/GPB,,,,,,,,FALSE
CD235b,GPB,Glycophorin B,,,,,,,,FALSE
CD236,Glycophorin C,GPC,GYPC,,,,,,,FALSE
CD238,Kell,Kell antigen,,,,,,,,FALSE
CD239,B-CAM,LU,Lutheran antigen,,,,,,,FALSE
CD24,CD24,,,,,,,,,FALSE
CD240CE,RhCE antigen,,,,,,,,,FALSE
CD240D,Rh D antigen,,,,,,,,,FALSE
CD241,RhCE,,,,,,,,,FALSE
CD242,ICAM-4,,,,,,,,,FALSE
CD243,MDR1,ABCB1,P-glycoprotein,,,,,,,FALSE
CD244,SLAMF4,2B4,,,,,,,,FALSE
CD245,,,,,,,,,,FALSE
CD246,ALK,,,,,,,,,FALSE
CD247,CD3zeta,TCR zeta,,,,,,,,FALSE
CD248,Endosialin,TEM1,,,,,,,,FALSE
CD249,Aminopeptidase A,,,,,,,,,FALSE
CD25,IL2Ralpha,CD25 (IL2Ralpha),,,,,,,,FALSE
CD252,OX40L,TNFSF4,OX-40L,OX40 ligand,OX40L (CD252),,,,,TRUE
CD253,TRAIL,TNFSF10,Apo2L,TRAIL (CD253),,,,,,TRUE
CD254,RANKL,TNFSF11,Receptor activator of NF-kB ligand,,,,,,,TRUE
CD255,TWEAK,TNFSF12,TWEAK (CD255),,,,,,,TRUE
CD256,APRIL,TNFSF13,,,,,,,,TRUE
CD257,BAFF,TNFSF13B,BLyS,,,,,,,TRUE
CD258,LIGHT,TNFSF14,,,,,,,,TRUE
CD26,DPP4,Dipeptidyl peptidase-4,DPP-4,,,,,,,TRUE
CD261,TRAIL-R1,DR4,TNFRSF10A,,,,,,,TRUE
CD262,TRAIL-R2,DR5,TNFRSF10B,,,,,,,TRUE
CD263,DcR1,TNFRSF10C,,,,,,,,TRUE
CD264,TRAIL-R4,DcR2,TNFRSF10D,,,,,,,TRUE
CD265,RANK,TNFRSF11A,,,,,,,,TRUE
CD266,TWEAK-R,FN14,TNFRSF12A,,,,,,,TRUE
CD267,TACI,TNFRSF13B,,,,,,,,TRUE
CD269,BCMA,TNFRSF17,B-cell maturation antigen,,,,,,,TRUE
CD27,,,,,,,,,,TRUE
CD270,HVEM,TNFRSF14,Herpes virus entry mediator,,,,,,,TRUE
CD271,LNGFR,NGF receptor,p75NTR,,,,,,,TRUE
CD272,BTLA,CD272 (BTLA),,,,,,,,TRUE
CD275,ICOSL,B7-H2,,,,,,,,TRUE
CD276,B7-H3,,,,,,,,,TRUE
CD277,BTN3A1,,,,,,,,,TRUE
CD28,,,,,,,,,,FALSE
CD280,ENDO180,CLEC13E,MRC2,,,,,,,TRUE
CD281,TLR1,Toll-like receptor 1,,,,,,,,TRUE
CD282,TLR2,Toll-like receptor 2,,,,,,,,TRUE
CD283,TLR3,Toll-like receptor 3,,,,,,,,TRUE
CD284,TLR4,Toll-like receptor 4,,,,,,,,TRUE
CD286,TLR6,Toll-like receptor 6,,,,,,,,TRUE
CD288,TLR8,Toll-like receptor 8,,,,,,,,TRUE
CD289,TLR9,Toll-like receptor 9,,,,,,,,TRUE
CD29,Integrin-beta1,Integrin-b1,Itgb1,beta1 integrin,,,,,,FALSE
CD290,TLR10,Toll-like receptor 10,,,,,,,,TRUE
CD292,BMPR1A,,,,,,,,,TRUE
CD293,BMPR1B,,,,,,,,,TRUE
CD294,CRTH2,PTGDR2,Prostaglandin D2 receptor 2,,,,,,,TRUE
CD295,LEPR,,,,,,,,,TRUE
CD296,ART1,ART-1,,,,,,,,TRUE
CD297,ART4,,,,,,,,,TRUE
CD298,ATP1B3,Na+/K+-ATPase beta3 subunit,,,,,,,,TRUE
CD299,DC-SIGNR,CLEC4M,,,,,,,,TRUE
CD3,CD3e,,,,,,,,,FALSE
CD30,TNFRSF8,CD30 (TNFRSF8),,,,,,,,FALSE
CD300a,IRp60,CMRF35-H9,LMIR1,,,,,,,TRUE
CD300c,CMRF35,CMRF35-A,LMIR3,,,,,,,TRUE
CD301,CLEC10A,,,,,,,,,TRUE
CD302,CL-P1,COLEC12,Collectin placenta 1,,,,,,,TRUE
CD303,BDCA2,BDCA-2,,,,,,,,TRUE
CD305,LAIR-1,LAIR1,,,,,,,,TRUE
CD306,LAIR-2,LAIR2,,,,,,,,TRUE
CD307,FcRL5,FCRH5,FcRH5,CD307e,,,,,,TRUE
CD307a,FCRL1,,,,,,,,,TRUE
CD307b,FCRL2,,,,,,,,,TRUE
CD307c,FCRL3,,,,,,,,,TRUE
CD307d,FCRL4,,,,,,,,,TRUE
CD309,KDR,VEGFR2,Vascular endothelial growth factor receptor 2,,,,,,,TRUE
CD31,PECAM_1,PECAM.1,FcgRIIa,PECAM-1,PECAM1,PECAM,,,,TRUE
CD312,EMR2,ADGRE2,,,,,,,,TRUE
CD314,NKG2D,KLRK1,,,,,,,,FALSE
CD315,CD9P-1,PTGFRN,,,,,,,,TRUE
CD316,EWI-2,IGSF8,,,,,,,,TRUE
CD317,BST-2,Tetherin,HM1.24,,,,,,,TRUE
CD318,CDCP1,,,,,,,,,TRUE
CD319,SLAMF7,CS1,CRACC,Elotuzumab target,,,,,,TRUE
CD32,FcgRII,FcgRIIb,CD32b,FcgRII-b,,,,,,TRUE
CD320,8D6A,,,,,,,,,TRUE
CD321,JAM-A,JAM1,F11R,Junctional adhesion molecule A,,,,,,TRUE
CD322,JAM-2,JAM2,Junctional adhesion molecule 2,,,,,,,TRUE
CD324,E-Cadherin,E-cad,Cadherin-1,Epithelial cadherin,CDH1,,,,,TRUE
CD325,N-Cadherin,N-cad,Cadherin-2,CDH2,,,,,,TRUE
CD327,Siglec-6,,,,,,,,,TRUE
CD328,Siglec-7,Siglec7,p75,p75/AIRM1,,,,,,TRUE
CD329,Siglec-9,Siglec9,,,,,,,,TRUE
CD33,Siglec-3,Siglec3,,,,,,,,TRUE
CD331,FGFR1,Fibroblast growth factor receptor 1,,,,,,,,TRUE
CD332,FGFR2,Fibroblast growth factor receptor 2,,,,,,,,TRUE
CD333,FGFR3,Fibroblast growth factor receptor 3,,,,,,,,TRUE
CD334,FGFR4,Fibroblast growth factor receptor 4,,,,,,,,TRUE
CD335,NKp46,NCR1,Natural cytotoxicity triggering receptor 1,,,,,,,FALSE
CD336,NKp44,NCR2,Natural cytotoxicity triggering receptor 2,,,,,,,FALSE
CD337,NKp30,NCR3,Natural cytotoxicity triggering receptor 3,,,,,,,FALSE
CD338,ABCG2,BCRP,Breast cancer resistance protein,,,,,,,TRUE
CD339,Jagged-1,JAG1,,,,,,,,TRUE
CD34,,,,,,,,,,FALSE
CD340,HER2,ErbB2,ErbB-2,ERBB2,Receptor tyrosine-protein kinase erbB-2,,,,,TRUE
CD344,,,,,,,,,,TRUE
CD349,Frizzled-9,FZD9,,,,,,,,TRUE
CD35,CR1,Complement receptor 1,,,,,,,,FALSE
CD350,Frizzled-4,FZD4,,,,,,,,TRUE
CD351,FcauR,FCAMR,,,,,,,,TRUE
CD352,SLAMF6,NTB-A,Slam-F6,SlamF-6,Slamf6,,,,,FALSE
CD353,SLAMF8,,,,,,,,,FALSE
CD354,TREM1,,,,,,,,,TRUE
CD355,CRTAM,,,,,,,,,TRUE
CD357,GITR,TNFRSF18,,,,,,,,FALSE
CD358,DR6,TNFRSF21,,,,,,,,TRUE
CD36,SR-B2,SCARB2,Fatty acid translocase,,,,,,,FALSE
CD360,IL21R,,,,,,,,,FALSE
CD361,EVI2B,,,,,,,,,FALSE
CD362,Syndecan-2,SDC2,,,,,,,,FALSE
CD363,S1PR1,,,,,,,,,FALSE
CD364,CRISP9,Peptidase Inhibitor 16,PI-16,,,,,,,FALSE
CD365,Galectin-9,LGALS9,,,,,,,,FALSE
CD366,TIM-3,HAVCR2,TIM-3,TIM.3,Tim3,,,,,FALSE
CD367,CLEC4A,DCIR,,,,,,,,TRUE
CD368,CLEC4D,,,,,,,,,TRUE
CD369,CLEC7A,Dectin-1,,,,,,,,TRUE
CD37,GP52-40,TSPAN26,,,,,,,,FALSE
CD370,CLEC9A,,,,,,,,,TRUE
CD371,CLEC12A,,,,,,,,,TRUE
CD38,,,,,,,,,,FALSE
CD39,ENTPD1,NTPDase-1,,,,,,,,FALSE
CD3d,,,,,,,,,,FALSE
CD3g,,,,,,,,,,FALSE
CD4,L3T4,,,,,,,,,FALSE
CD40,,,,,,,,,,FALSE
CD41,GPIIb,Integrin alpha-IIb,Itga2b,,,,,,,FALSE
CD42a,GPIX,,,,,,,,,FALSE
CD42b,GPIb,Glycoprotein Ib,GPIbalpha,,,,,,,FALSE
CD42c,GPIbbeta,,,,,,,,,FALSE
CD42d,GPV,,,,,,,,,FALSE
CD43,Sialophorin,Spn,,,,,,,,FALSE
CD44,,,,,,,,,,FALSE
CD45,,,,,,,,,,FALSE
CD45.1,CD45_1,,,,,,,,,FALSE
CD45.2,CD45_2,,,,,,,,,FALSE
CD45RA,,,,,,,,,,FALSE
CD45RB,,,,,,,,,,FALSE
CD45RC,,,,,,,,,,FALSE
CD45RO,,,,,,,,,,FALSE
CD46,MCP,Membrane Cofactor Protein,,,,,,,,FALSE
CD47,IAP,integrin-associated protein,,,,,,,,FALSE
CD48,,,,,,,,,,FALSE
CD49a,ITGA1,,,,,,,,,FALSE
CD49b,Integrin alpha-2,Itga2,Integrin a2,Integrin alpha-2,DX5,,,,,FALSE
CD49c,Integrin alpha-3,ITGA3,,,,,,,,FALSE
CD49d,Integrin alpha-4,ITGA4,VLA-4,,,,,,,FALSE
CD49e,Integrin alpha-5,ITGA5,,,,,,,,FALSE
CD49f,Integrin alpha-6,ITGA6,,,,,,,,FALSE
CD5,,,,,,,,,,FALSE
CD50,ICAM-3,ICAM3,,,,,,,,FALSE
CD51,Integrin alpha-V,Itgav,Vitronectin receptor,,,,,,,FALSE
CD52,CAMPATH-1,,,,,,,,,FALSE
CD53,,,,,,,,,,FALSE
CD54,ICAM-1,ICAM1,Intercellular adhesion molecule 1,,,,,,,FALSE
CD55,DAF,Decay accelerating factor,,,,,,,,FALSE
CD56,NCAM,,,,,,,,,FALSE
CD57,L2,HNK-1,LEU-7,,,,,,,FALSE
CD58,LFA-3,LFA3,,,,,,,,FALSE
CD59,Protectin,MIRL,,,,,,,,FALSE
CD6,,,,,,,,,,FALSE
CD60a,,,,,,,,,,FALSE
CD60b,,,,,,,,,,FALSE
CD60c,,,,,,,,,,FALSE
CD61,Integrin beta-3,Itgb3,Beta3 integrin,GPIIIa,,,,,,FALSE
CD62E,E-Selectin,ELAM-1,,,,,,,,FALSE
CD62L,L-Selectin,L-selectin,L Selectin,,,,,,,FALSE
CD62P,P-Selectin,GMP-140,,,,,,,,FALSE
CD63,LAMP-3,LAMP3,,,,,,,,FALSE
CD64,FcgRI,CD64 (FcgRI),CD64a,,,,,,,FALSE
CD65,,,,,,,,,,FALSE
CD65s,,,,,,,,,,FALSE
CD66a,CEACAM1,BGP,,,,,,,,TRUE
CD66b,CEACAM8,CD66-b,,,,,,,,TRUE
CD66c,CEACAM6,CD66-c,,,,,,,,TRUE
CD66d,CEACAM3,,,,,,,,,TRUE
CD66e,CEACAM5,CEA,,,,,,,,TRUE
CD66f,PSG1,,,,,,,,,FALSE
CD67,,,,,,,,,,FALSE
CD68,,,,,,,,,,FALSE
CD69,,,,,,,,,,FALSE
CD7,CD7,,,,,,,,,FALSE
CD70,CD27L,CD27 Ligand,,,,,,,,FALSE
CD71,TfR1,TfR,Tranferrin receptor,Transferrin receptor 1,,,,,,FALSE
CD72,,,,,,,,,,FALSE
CD73,NT5E,,,,,,,,,FALSE
CD74,CLIP,Invariant chain,,,,,,,,FALSE
CD75,,,,,,,,,,FALSE
CD75s,,,,,,,,,,FALSE
CD76,DBA.44,,,,,,,,,FALSE
CD77,Gb3,,,,,,,,,FALSE
CD79a,Igalpha,Iga,Ig-alpha,mb-1,B29,,,,,FALSE
CD79b,Igbeta,Igb,Ig-beta,B29,,,,,,FALSE
CD8,CD8alpha,CD8a,Cd8,Cd8a,,,,,,FALSE
CD80,B7.1,B7_1,B7-1,,,,,,,FALSE
CD81,TAPA-1,,,,,,,,,FALSE
CD82,KAI1,,,,,,,,,FALSE
CD83,,,,,,,,,,FALSE
CD84,SLAMF5,,,,,,,,,FALSE
CD85A,LILRB3,ILT5,,,,,,,,FALSE
CD85B,ILT8,,,,,,,,,FALSE
CD85C,LILRB5,,,,,,,,,TRUE
CD85D,LILRB2,ILT4,,,,,,,,TRUE
CD85F,LILRA5,ILT11,,,,,,,,TRUE
CD85G,LILRA4,ILT7,,,,,,,,TRUE
CD85H,LILRA2,ILT1,,,,,,,,TRUE
CD85I,LILRA1,,,,,,,,,TRUE
CD85j,ILT2,LILRB1,LIR-1,LIR1,MIR-7,,,,,FALSE
CD85K,LILRB4,ILT3,,,,,,,,TRUE
CD85M,ILT10,,,,,,,,,FALSE
CD86,B7.2,B7_2,B7-2,,,,,,,FALSE
CD87,uPAR,PLAUR,,,,,,,,FALSE
CD88,C5aR,C5a receptor,,,,,,,,FALSE
CD89,FcaRI,IgA receptor,,,,,,,,TRUE
CD8b,CD8 beta,CD8-beta,CD8beta,Cd8b,,,,,,FALSE
CD9,,,,,,,,,,FALSE
CD90,Thy1,CD90 (Thy1),,,,,,,,FALSE
CD90.1,Thy1.1,,,,,,,,,FALSE
CD90.2,Thy1.2,,,,,,,,,FALSE
CD91,LRP1,,,,,,,,,FALSE
CD92,CTL1,SLC44A1,,,,,,,,FALSE
CD93,C1qRp,AA4.1,,,,,,,,FALSE
CD94,KLRD1,CD94 (KLRD1),,,,,,,,FALSE
CD95,Fas,CD95 (Fas),,,,,,,,FALSE
CD96,TACTILE,Tactile,,,,,,,,FALSE
CD97,,,,,,,,,,FALSE
CD98,CD98,4F2hc,SLC3A2,,,,,,,FALSE
CD99,MIC2,,,,,,,,,FALSE
CDK1,Cyclin-dependent kinase 1,CDC2,Cdc2,,,,,,,FALSE
CDK2,Cyclin-dependent kinase 2,Cdk2,,,,,,,,FALSE
CDK4,Cyclin-dependent kinase 4,Cdk4,,,,,,,,FALSE
CDK6,Cyclin-dependent kinase 6,Cdk6,,,,,,,,FALSE
CDw145,,,,,,,,,,FALSE
CLEC4F,,,,,,,,,,TRUE
CLEC12A,Clec12a,CLEC12A (Clec12a),,,,,,,,TRUE
CNTF,Ciliary neurotrophic factor,,,,,,,,,TRUE
Collagen I,ColI,COL1A1,Type I collagen,,,,,,,FALSE
Collagen IV,ColIV,COL4A1,Type IV collagen,,,,,,,FALSE
CREB,cAMP response element-binding protein,CREB1,,,,,,,,FALSE
CX3CL1,Fractalkine,,,,,,,,,TRUE
CX3CR1,Fractalkine Receptor,CX3CR1 (Fractalkine Receptor),,,,,,,,TRUE
CXCL1,GRO-alpha,,,,,,,,,FALSE
CXCL10,IP-10,Interferon gamma-induced protein 10,,,,,,,,FALSE
CXCL11,I-TAC,,,,,,,,,FALSE
CXCL12,SDF-1,,,,,,,,,FALSE
CXCL13,BCA-1,B lymphocyte chemoattractant,,,,,,,,FALSE
CXCL14,,,,,,,,,,FALSE
CXCL2,GRO-beta,,,,,,,,,FALSE
CXCL3,GRO-gamma,,,,,,,,,FALSE
CXCL4,PF4,,,,,,,,,FALSE
CXCL5,ENA-78,,,,,,,,,FALSE
CXCL6,GCP-2,,,,,,,,,FALSE
CXCL7,NAP-2,,,,,,,,,FALSE
CXCL9,MIG,Monokine induced by gamma interferon,,,,,,,,FALSE
CXCR1,CD181,CXCR1 (CD181),CD128a,,,,,,,FALSE
CXCR2,CD182,CXCR2 (CD182),CD128b,,,,,,,FALSE
CXCR3,CD183,CXCR3 (CD183),,,,,,,,FALSE
CXCR4,CD184,CXCR4 (CD184),,,,,,,,FALSE
CXCR5,CD185,CXCR5 (CD185),,,,,,,,FALSE
CXCR6,CD186,CXCR6 (CD186),,,,,,,,FALSE
CXCR7,ACKR3,CXCR7 (ACKR3),,CD189,RDC1,,,,,FALSE
CXCR8,CD188,CXCR8 (CD188),,,,,,,,FALSE
Cyclin B1,CCNB1,CyclinB1,,,,,,,,FALSE
Cyclin D1,CCND1,CyclinD1,BCL1,,,,,,,FALSE
Cyclin D3,CCND3,CyclinD3,,,,,,,,FALSE
Cyclin E,CCNE1,CyclinE,,,,,,,,FALSE
Cytokeratin8,Cytokeratin-8,Keratin8,Cytokeratin8,Keratin-8,,,,,,FALSE
DCIR2,,,,,,,,,,FALSE
Delta-1,DLL1,Delta like ligand 1,Dll-1,,,,,,,FALSE
Delta-4,DLL4,Delta like ligand 4,Dll-4,,,,,,,FALSE
Desmin,DES,,,,,,,,,FALSE
E-Cadherin,CD324,Cadherin-1,Cadherin1,Cadherin.1,CDH1,,,,,FALSE
E47,TCF3,E-protein,E2A,TCF-3,,,,,,FALSE
EGFR,ErbB1,HER1,CD170,Epidermal growth factor receptor,ERBB1,,,,,FALSE
Eomes,,,,,,,,,,FALSE
EOS,,,,,,,,,,FALSE
EpCAM,CD326,EpCAM (CD326),,,,,,,,FALSE
EphA2,EPH receptor A2,Eph-A2,,,,,,,,FALSE
EphB4,EPH receptor B4,Eph-B4,,,,,,,,FALSE
Ephrin-A1,EFNA1,Ephrin A1,,,,,,,,FALSE
Ephrin-B2,EFNB2,Ephrin B2,,,,,,,,FALSE
EPO,Erythropoietin,EPOR,Epo,,,,,,,FALSE
F4/80,F4-80,F4_80,F480,,,,,,,TRUE
FasL,CD178,FasL (CD178),,,,,,,,TRUE
FceRIa,FcER1,FceR1a,FceRIalpha,FceR1,FceRI,FceR1alpha,FcER1alpha,FcER1a,,FALSE
FcRL5,Fcrl5,,,,,,,,,FALSE
Fibronectin,FN1,Fn1,,,,,,,,FALSE
Flag,FLAG,DYKDDDDK,,,,,,,,FALSE
FLT3,CD135,FLK2,STK1,Flt-3,,,,,,FALSE
Follistatin,FST,Fst,,,,,,,,FALSE
FOLR2,FolR2,Folr2,,,,,,,,TRUE
FOXO1,FOXO1A,Forkhead box O1,,,,,,,,FALSE
FOXO3,FOXO3A,Forkhead box O3,,,,,,,,FALSE
FoxP3,Fox-P3,Foxp3,Foxp-3,,,,,,,FALSE
FR2,Folate Receptor 2,Fr2,,,,,,,,TRUE
G-CSF,CSF3,Granulocyte colony-stimulating factor,GCSF,,,,,,,FALSE
Galectin-3,Gal-3,Gal3,LGALS3,,,,,,,FALSE
Galectin-9,Gal-9,Gal9,LGALS9,,,,,,,FALSE
GARP,LRRC32,Garp,,,,,,,,FALSE
GATA-3,GATA-3,Gata3,GATA 3,,,,,,,FALSE
GFAP,GFAP,Gfap,,,,,,,,FALSE
GFP,Green Fluorescent Protein,Gfp,eGFP,,,,,,,FALSE
GITR,GITR,Gitr,,,,,,,,FALSE
GL7,GL7,,,,,,,,,FALSE
GM-CSF,CSF2,Granulocyte-macrophage colony-stimulating factor,GMCSF,GM_CSF,Gmcsf,,,,,FALSE
GPR183,GPR183,Gpr183,,,,,,,,FALSE
Gr-1,Gr1,,,,,,,,,TRUE
Granzyme A,Granzyme-A,GrA,GZMA,,,,,,,FALSE
Granzyme B,Granzyme-B,Granzymeb,Granzyme_B,GranzymeB,,,,,,FALSE
Granzyme K,Granzyme-K,GrK,GZMK,,,,,,,FALSE
Granzyme M,Granzyme-M,GrM,GZMM,,,,,,,FALSE
HA,HA tag,Ha,HA Tag,HA.Tag,,,,,,FALSE
Hedgehog,SHH,Sonic hedgehog,Shh,,,,,,,FALSE
Helios,Ikzf2,IKZF2,,,,,,,,FALSE
HER3,ErbB3,ERBB3,Receptor tyrosine-protein kinase erbB-3,,,,,,,FALSE
HIF-1a,HIF1A,Hypoxia-inducible factor 1 alpha,HIF-1alpha,HIF1-alpha,,,,,,FALSE
HLA-DR,HLA.DR,Hladr,HLA_DR,HLADR,,,,,,TRUE
HMGB1,HMG-1,High mobility group box 1,,,,,,,,FALSE
Iba-1,IBA1,AIF-1,Allograft inflammatory factor 1,,,,,,,TRUE
ICOS,ICOS (CD278),Icos,CD278,,,,,,,FALSE
ID2,Inhibitor of differentiation 2,Inhibitor of DNA binding 2,Id2,,,,,,,FALSE
ID3,Inhibitor of differentiation 3,Inhibitor of DNA binding 3,Id3,,,,,,,FALSE
IFNa,Interferon alpha,IFN-alpha,IFNalpha,,,,,,,FALSE
IFNb,Interferon beta,IFN-beta,IFNbeta,,,,,,,FALSE
IFNg,Interferon gamma,Ifng,Interferon,IFN-g,Interferon-g,Interferon-gamma,IFN-gamma,,,FALSE
IgD,Igd,,,,,,,,,FALSE
IgE,Ige,,,,,,,,,FALSE
IGF1R,CD221,Insulin-like growth factor 1 receptor,IGF-1R,,,,,,,FALSE
IgG,Igg,,,,,,,,,FALSE
IgG1,Igg1,,,,,,,,,FALSE
IgG2,Igg2,,,,,,,,,FALSE
IgG2a,Igg2a,,,,,,,,,FALSE
IgG2b,Igg2b,,,,,,,,,FALSE
IgG3,Igg3,,,,,,,,,FALSE
IgG4,Igg4,,,,,,,,,FALSE
IgM,Igm,,,,,,,,,FALSE
Ikaros,IKZF1,Ikaros zinc finger protein 1,,,,,,,,FALSE
IL-10,IL10,IL_10,Il10,,,,,,,FALSE
IL-11,IL11,Interleukin-11,Il11,,,,,,,FALSE
IL-12,IL12,Interleukin-12,IL-12p70,,,,,,,FALSE
IL-12p35,IL12p35,IL-12p35,Il12P35,,,,,,,FALSE
IL-12p40,IL12p40,IL-12p40,Il12P40,,,,,,,FALSE
IL-13,IL13,IL_13,Il13,,,,,,,FALSE
IL-15,IL15,IL_15,Il15,,,,,,,FALSE
IL-17,IL17,IL_17,Il17,IL-17A,IL17A,,,,,FALSE
IL-17F,IL17F,IL.17F,Il17F,,,,,,,FALSE
IL-17RB,IL17RB,IL17RB,Il17Rb,,,,,,,FALSE
IL-18,IL18,Interleukin-18,Il18,,,,,,,FALSE
IL-18R,IL18R,IL-18Receptor,IL_18R,IL-18-R,IL18-R,,,,,FALSE
IL-19,IL19,Interleukin-19,Il19,,,,,,,FALSE
IL-1a,IL1a,IL-1 alpha,Il1A,IL-1.alpha,,,,,,FALSE
IL-1b,IL1b,pro-IL-1-beta,Il1B,IL-1 beta,,,,,,FALSE
IL-2,IL2,IL.2,Il2,,,,,,,FALSE
IL-21,IL21,IL-21,Il21,,,,,,,FALSE
IL-21R,IL21R,IL-21 receptor,,,,,,,,FALSE
IL-22,IL22,IL-22,Il22,,,,,,,FALSE
IL-23,IL23,IL-23p19,Il23,IL_23p19,,,,,,FALSE
IL-23p19,IL23p19,IL-23,Il23p19,p19,,,,,,FALSE
IL-24,IL24,Interleukin-24,Il24,,,,,,,FALSE
IL-25,IL25,IL-17E,Il25,,,,,,,FALSE
IL-26,IL26,Interleukin-26,Il26,,,,,,,FALSE
IL-27,IL27,IL-27,Il27,IL.27,,,,,,FALSE
IL-28,IL28,IFN-lambda,Interferon lambda,,,,,,,FALSE
IL-3,IL3,Interleukin-3,Il3,,,,,,,FALSE
IL-31,IL31,Interleukin-31,Il31,,,,,,,FALSE
IL-32,IL32,Interleukin-32,Il32,,,,,,,FALSE
IL-33,IL33,IL-33,Il33,,,,,,,FALSE
IL-34,IL34,Interleukin-34,Il34,,,,,,,FALSE
IL-35,IL35,IL-35,Il35,EBI3,IL.35,,,,,FALSE
IL-36,IL36,Interleukin-36,Il36,,,,,,,FALSE
IL-37,IL37,Interleukin-37,Il37,,,,,,,FALSE
IL-4,IL4,Interleukin-4,Il4,,,,,,,FALSE
IL-5,IL5,Interleukin-5,Il5,,,,,,,FALSE
IL-6,IL6,Interleukin-6,Il6,,,,,,,FALSE
IL-7,IL7,Interleukin-7,Il7,,,,,,,FALSE
IL-8,IL8,CXCL8,Interleukin-8,,,,,,,FALSE
IL-9,IL9,Interleukin-9,Il9,,,,,,,FALSE
IntegrinB7,Integrin-b7,Integrinb7,Integrin B7,Itgb7,,,,,,FALSE
IRF1,Interferon regulatory factor 1,,,,,,,,,FALSE
IRF3,Interferon regulatory factor 3,,,,,,,,,FALSE
IRF4,IRF.4,Irf4,IRF-4,,,,,,,FALSE
IRF7,Interferon regulatory factor 7,,,,,,,,,FALSE
IRF8,Interferon regulatory factor 8,ICSBP,,,,,,,,FALSE
ivCD45,intravenous*CD45,,i.v.*CD45,intravenousCD45,i.v.CD45,injectedCD45,injCD45,CD45iv,CD45i.v,FALSE
Jagged-2,JAG2,Jagged2,,,,,,,,FALSE
JNK,MAPK8,c-Jun N-terminal kinase,SAPK,,,,,,,FALSE
Ki67,Ki_67,Ki67,,,,,,,,FALSE
Klf4,KLF4,Kruppel-like factor 4,,,,,,,,FALSE
KLRG1,Klrg1,,,,,,,,,FALSE
LAG3,LAG-3,Lag3,,,,,,,,FALSE
Laminin,LAM,Laminin-1,,,,,,,,FALSE
LAP,latent.TGF-beta,Lap,,,,,,,,FALSE
LEF1,LEF-1,Lymphoid enhancer binding factor 1,,,,,,,,FALSE
LIF,Leukemia inhibitory factor,HILDA,,,,,,,,FALSE
LTa,Lymphotoxin alpha,LT-alpha,TNFSF1,,,,,,,FALSE
Ly49D,,,,,,,,,,FALSE
Sca-1,Ly.6a,Ly-6A,Ly_6a,Sca1,Sca_1,Stem cell antigen-1,Stem cell antigen 1,,,FALSE
Ly6C,Ly.6c,Ly-6C,Ly_6C,,,,,,,TRUE
LY6E,Ly-6E,Lymphocyte antigen 6E,,,,,,,,FALSE
Ly6G,Ly.6G,Ly-6G,Ly_6G,,,,,,,TRUE
LYVE1,Lyve1,,,,,,,,,TRUE
M-CSF,CSF1,Macrophage colony-stimulating factor,MCSF,,,,,,,FALSE
MAP2,Microtubule associated protein 2,Microtubule-associated protein 2,,,,,,,,FALSE
mCherry,cherry,,,,,,,,,FALSE
Mcl-1,MCL1,Myeloid cell leukemia 1,,,,,,,,FALSE
MerTK,MertK,Mertk,,,,,,,,TRUE
MET,c-MET,HGFR,Hepatocyte growth factor receptor,,,,,,,FALSE
MHCI,H-2Kk,H-2Db,H-2Kb,H-2Db,MHC1,,,,,TRUE
MHCII,I-A,I-E,ClassII,MHC2,I-A/I-E,I-A I-E,IAIE,,,TRUE
Nanog,NANOG,Nanog,,,,,,,,FALSE
Nestin,NES,Nestin,Intermediate filament,,,,,,,FALSE
NeuN,RBFOX3,Fox-3,,,,,,,,TRUE
Neuropilin,CD304,Neuropilin,Neuropilin-1,Nrp1,Nrp-1,,,,,FALSE
Neuropilin-2,NRP2,Nrp-2,NRP-2,,,,,,,FALSE
NF-kB,NFkB,p65,RelA,NF-kappaB,,,,,,FALSE
NFAT1,NFATC2,Nuclear factor of activated T-cells 2,,,,,,,,FALSE
NFAT2,NFATC1,Nuclear factor of activated T-cells 1,NFATc1,,,,,,,FALSE
NFIL3,E4BP4,Nfil3,,,,,,,,FALSE
NK1.1,NK1-1,NK1_1,NK11,,,,,,,FALSE
NKp46,NK.p46,Nkp46,NKp46 (CD335),CD335,NK-p46,,,,,FALSE
Noggin,NOG,Nog,,,,,,,,FALSE
Notch1,NOTCH1,Notch-1,N1,,,,,,,FALSE
Notch2,NOTCH2,Notch-2,N2,,,,,,,FALSE
Notch3,NOTCH3,Notch-3,N3,,,,,,,FALSE
Notch4,NOTCH4,Notch-4,N4,,,,,,,FALSE
Nur77,,,,,,,,,,FALSE
NWS,NWS tag,Strep tag,Strep tag II,,,,,,,FALSE
O4,,,,,,,,,,FALSE
Oct4,POU5F1,Pou5f1,OCT4,Oct-4,,,,,,FALSE
Olig2,OLIG2,Oligodendrocyte lineage transcription factor 2,,,,,,,,FALSE
Ollas,OLLAS,,,,,,,,,FALSE
Oncostatin M,OSM,Oncostatin-M,,,,,,,,FALSE
p21,CDKN1A,Cip1,Waf1,CIP1,WAF1,,,,,FALSE
p27,CDKN1B,Kip1,,,,,,,,FALSE
P2RY12,P2Ry12,P2RY12 (P2Ry12),,,,,,,,TRUE
P2XR7,P2RX7,P2Xr7,,,,,,,,TRUE
p38,MAPK14,p38 MAPK,,,,,,,,FALSE
p53,TP53,Tumor suppressor p53,Trp53,,,,,,,FALSE
pAKT,phospho-AKT,p-AKT,pAkt,Phospho-AKT,,,,,,FALSE
PanCytokeratin,Pan.cytokeratin,Pan-cytokeratin,Pan_cytokeratin,,,,,,,FALSE
PAX5,Pax5,PAX5 (Pax5),,,,,,,,FALSE
Pax6,PAX6,Paired box protein 6,,,,,,,,FALSE
PD-1,CD279,Pd1,PD1 (CD279),PD.1,PD_1,PD-1,,,,FALSE
PD-L1,B7-H1,CD274,PDL1,PD-L1,PD_L1,,,,,TRUE
PD-L2,B7-DC,CD273,PDL2,PD-L2,PD_L2,,,,,TRUE
PDCA-1,PDCA1,PDCA.1,PDCA_1,plasmacytoid,,,,,,TRUE
PDGFR,PDGFRalpha/beta,PDGFR-ab,,,,,,,,FALSE
Perforin,Perf,Perforin,,,,,,,,FALSE
pERK,phospho-ERK,pERK1/2,phospho-p44/42 MAPK,pMAPK,Phospho-ERK,,,,,FALSE
PI3K,PIK3CA,Phosphatidylinositol 3-kinase,p110alpha,,,,,,,FALSE
PLZF,ZBTB16,Zbtb16,Promyelocytic leukemia zinc finger,,,,,,,FALSE
pmTOR,phospho-mTOR,p-mTOR,Phospho-mTOR,,,,,,,FALSE
podoplanin,PDPN,Aggrus,T1 alpha,gp36,,,,,,FALSE
pRb,RB1,Retinoblastoma protein,,,,,,,,FALSE
pSTAT1,phospho-STAT1,p-STAT1,Phospho-STAT1,,,,,,,FALSE
pSTAT3,pSTAT3,Pstat3,phospho-STAT3,,,,,,,FALSE
pSTAT4,phospho-STAT4,p-STAT4,Phospho-STAT4,,,,,,,FALSE
pSTAT5,pSTAT5,Pstat5,phospho-STAT5,,,,,,,FALSE
pSTAT6,phospho-STAT6,p-STAT6,Phospho-STAT6,,,,,,,FALSE
PTEN,Phosphatase and tensin homolog,PTEN tumor suppressor,,,,,,,,FALSE
PU.1,SPI1,Spi-1 proto-oncogene,Spib,PU1,,,,,,FALSE
Ras,HRAS,KRAS,NRAS,Ras GTPase,,,,,,FALSE
Rex1,ZFP42,Rex-1,,,,,,,,FALSE
RFP,tdT,Rfp,Red Fluorescent Protein,dsRed,ROSA-RFP,,,,,FALSE
RORgT,RORgamma,Rorgt,RORc,ROR-gamma,ROR-g,,,,,FALSE
ROS1,ROS,c-ROS,,,,,,,,FALSE
Runx1,RUNX1,CBFalpha2,AML1,,,,,,,FALSE
Runx3,RUNX3,CBFalpha3,AML2,,,,,,,FALSE
S,S tag,S-tag,S_tag,,,,,,,FALSE
S100A4,FSP1,Fibroblast-specific protein 1,Metastasin,,,,,,,TRUE
S100A8,MRP8,Calgranulin-A,,,,,,,,TRUE
S100A9,MRP14,Calgranulin-B,,,,,,,,TRUE
S100B,S100-b,S100beta,,,,,,,,TRUE
S1P1,S1P1R,S1P1,,,,,,,,FALSE
SCF,Stem cell factor,KITLG,KIT ligand,c-Kit ligand,Steel factor,,,,,FALSE
Semaphorin 3A,SEMA3A,Sema3A,,,,,,,,FALSE
Semaphorin 4D,SEMA4D,CD100,,,,,,,,FALSE
SHP-1,PTPN6,SHP1,Tyrosine-protein phosphatase non-receptor type 6,,,,,,,FALSE
SHP-2,PTPN11,SHP2,Tyrosine-protein phosphatase non-receptor type 11,,,,,,,FALSE
Siglec F,SiglecF,Siglec-F,Siglec.F,Siglec_F,,,,,,TRUE
Siglec H,SiglecH,Siglec-H,Siglec_H,,,,,,,TRUE
Siglec-8,Siglec8,Siglec 8,Siglec_8,,,,,,,TRUE
SMAD2,pSMAD2,Phospho-SMAD2,,,,,,,,FALSE
SMAD3,pSMAD3,Phospho-SMAD3,,,,,,,,FALSE
Sox1,SOX1,SRY-related HMG box-1,,,,,,,,FALSE
Sox17,SOX17,SRY-related HMG box-17,,,,,,,,FALSE
Sox2,SOX2,SRY-related HMG box-2,,,,,,,,FALSE
SpiB,SPIB,Spi-B transcription factor,,,,,,,,FALSE
SSEA-1,LeX,Lewis X antigen,CD15,FUT4,,,,,,FALSE
SSEA-3,Globopentaosylceramide,Stage-specific embryonic antigen 3,,,,,,,,FALSE
SSEA-4,Globoside,Stage-specific embryonic antigen 4,,,,,,,,FALSE
ST2,IL-33R,St2,IL33R,,,,,,,FALSE
Stabilin2,STAB2,Stabilin2,,,,,,,,FALSE
Survivin,BIRC5,Baculoviral IAP repeat-containing protein 5,,,,,,,,FALSE
synaptophysin,SYP,Syp,,,,,,,,FALSE
T-bet,T.bet,Tbet,,,,,,,,FALSE
TCF1,TCF1/7,Tcf1,TCF7,TCF1 (TCF7),,,,,,FALSE
TCF7L2,TCF4,Transcription factor 7 like 2,,,,,,,,FALSE
TCR Va24-Ja18,TCR.Va24_Ja18,Tcr Va24-Ja18,TCR Va24,TCR Va24_Ja18,,,,,,FALSE
TCR Va7.2,TCR.Va7.2,Tcr Va7.2,TCR Valpha7.2,TCR 7.2,,,,,,FALSE
TCR Vb11,TCR-Vb11,Tcr Vb11,,,,,,,,FALSE
TCR Vd2,TCRVdelta2,Tcr Vd2,,,,,,,,FALSE
TCR Vg9,TCRVgamma9,Tcr Vg9,,,,,,,,FALSE
TCRab,TCRalpha/beta,Tcrab,TCR-ab,TCR-alpha,TCR alpha/beta,TCR a/b,TCRa,TCR-a,,FALSE
TCRbeta,TCR-beta,Tcrbeta,TCR-b,TCR-beta,,,,,,FALSE
TCRgd,TCRgamma,Tcrg,gdTCR,gd TCR,TCR-gamma,TCR-gd,TCRd,TCR gd,TCRyd,FALSE
TER119,TER-119,Ter119,TER_119,TER.119,,,,,,FALSE
TGFb,TGFb1,TGF beta 1,Transforming growth factor beta 1,TGF-b1,,,,,,FALSE
TGFbeta,TGF-beta,Tgfbeta,TGF,,,,,,,FALSE
TIGIT,TIGIT,Tigit,,,,,,,,FALSE
Tim-1,TIM1,KIM-1,KIM1,HAVcr1,Kidney injury molecule 1,,,,,FALSE
TIM-4,Tim4,TIMD4,Tim-4,,,,,,,FALSE
TNF,TNF.alpha,Tnf,TNFa,TNF-a,TNF-alpha,TNF.alpha,TNF_alpha,TNF_a,TNF.a,FALSE
TOX,,,,,,,,,,FALSE
TOX2,TOX high mobility group box family member 2,,,,,,,,,FALSE
TPO,Thrombopoietin,THPO,Mpl ligand,,,,,,,FALSE
TRA-1-60,TRA160,Podocalyxin-like protein,PODXL,,,,,,,FALSE
TRA-1-81,TRA181,,,,,,,,,FALSE
TREM2,TREM2,Trem2,,,,,,,,FALSE
TrkB,NTRK2,Neurotrophic receptor tyrosine kinase 2,,,,,,,,FALSE
TSLP,Thymic stromal lymphopoietin,TSLP,Il7-like cytokine,,,,,,,FALSE
TYRO3,TYRO3 protein tyrosine kinase,SKY,,,,,,,,FALSE
V5,V5 tag,V5-tag,V5_tag,,,,,,,FALSE
VEGFR1,Flt-1,FLT1,vascular endothelial growth factor receptor 1,,,,,,,FALSE
VEGFR3,Flt-4,FLT4,vascular endothelial growth factor receptor 3,,,,,,,FALSE
Viability,fixable,Livedead,Viability,viable,viablity,live-dead,LD,,,FALSE
Vimentin,VIM,Vim,,,,,,,,FALSE
VSVg,VSV-g,VSV_g,,,,,,,,FALSE
Wnt-5a,WNT5A,Wnt5a,,,,,,,,FALSE
Wnt3a,WNT3A,Wnt-3a,,,,,,,,FALSE
XCL1,,,,,,,,,,FALSE
XCL2,,,,,,,,,,FALSE
XCR1,XCR1,Xcr1,,,,,,,,TRUE
YFP,Yellow Fluorescent Protein,Yfp,,,,,,,,FALSE
ZAP70,ZAP-70,Zap70,Zap.70,ZAP_70,,,,,,FALSE
